Species,Bd detection,Sample,Locality
Agalychnis callidryas,Positive,Contemporary,"Ocozocoautla de Espinosa, Chiapas"
Agalychnis callidryas,Positive,Contemporary,"Tzucacab, Yucatan"
Agalychnis dacnicolor,Negative,Contemporary,"Villa de Alvarez, Colima"
Agalychnis dacnicolor,Positive,Contemporary,"La Huerta, Jalisco"
Agalychnis dacnicolor,Positive,Historical,"Mugica, Michoacan de Ocampo"
Agalychnis dacnicolor,Negative,Historical,"Mugica, Michoacan de Ocampo"
Agalychnis dacnicolor,Negative,Historical,"Mugica, Michoacan de Ocampo"
Agalychnis dacnicolor,Positive,Contemporary,"Amacuzac, Morelos"
Agalychnis dacnicolor,Positive,Contemporary,"Tlaquiltenango, Morelos"
Agalychnis dacnicolor,Positive,Historical,"Culiacan, Sinaloa"
Agalychnis dacnicolor,Negative,Historical,"Culiacan, Sinaloa"
Agalychnis dacnicolor,Positive,Historical,"Mazatlan, Sinaloa"
Agalychnis dacnicolor,Positive,Historical,"Mazatlan, Sinaloa"
Agalychnis dacnicolor,Negative,Historical,"Mazatlan, Sinaloa"
Agalychnis dacnicolor,Positive,Contemporary,"Mazatlan, Sinaloa"
Agalychnis dacnicolor,Positive,Contemporary,"Mazatlan, Sinaloa"
Agalychnis dacnicolor,Positive,Historical,"Alamos, Sonora"
Agalychnis dacnicolor,Positive,Historical,"Alamos, Sonora"
Agalychnis dacnicolor,Positive,Historical,"Alamos, Sonora"
Agalychnis dacnicolor,Positive,Historical,"Alamos, Sonora"
Agalychnis moreletii,Positive,Contemporary,"Escuintla, Chiapas"
Agalychnis moreletii,Positive,Contemporary,"Escuintla, Chiapas"
Agalychnis moreletii,Positive,Contemporary,"Palenque, Chiapas"
Agalychnis moreletii,Negative,Contemporary,"Atoyac de Alvarez, Guerrero"
Agalychnis moreletii,Negative,Contemporary,"Atoyac de Alvarez, Guerrero"
Agalychnis moreletii,Negative,Contemporary,"Atoyac de Alvarez, Guerrero"
Agalychnis moreletii,Negative,Contemporary,"Atoyac de Alvarez, Guerrero"
Agalychnis moreletii,Negative,Contemporary,"Atoyac de Alvarez, Guerrero"
Agalychnis moreletii,Negative,Contemporary,"Atoyac de Alvarez, Guerrero"
Agalychnis moreletii,Negative,Contemporary,"Atoyac de Alvarez, Guerrero"
Agalychnis moreletii,Negative,Contemporary,"Atoyac de Alvarez, Guerrero"
Agalychnis moreletii,Positive,Contemporary,"Tezonapa, Veracruz de Ignacio de la Llave"
Ambystoma altamirani,Positive,Historical,"Alvaro Obregon, Ciudad de Mexico"
Ambystoma altamirani,Positive,Historical,"Cuajimalpa de Morelos, Ciudad de Mexico"
Ambystoma altamirani,Positive,Historical,"Cuajimalpa de Morelos, Ciudad de Mexico"
Ambystoma altamirani,Positive,Historical,"La Magdalena Contreras, Ciudad de Mexico"
Ambystoma altamirani,Positive,Historical,"La Magdalena Contreras, Ciudad de Mexico"
Ambystoma altamirani,Positive,Historical,"La Magdalena Contreras, Ciudad de Mexico"
Ambystoma altamirani,Positive,Historical,"La Magdalena Contreras, Ciudad de Mexico"
Ambystoma altamirani,Positive,Historical,"La Magdalena Contreras, Ciudad de Mexico"
Ambystoma altamirani,Positive,Historical,"La Magdalena Contreras, Ciudad de Mexico"
Ambystoma altamirani,Positive,Historical,"La Magdalena Contreras, Ciudad de Mexico"
Ambystoma altamirani,Negative,Historical,"Huitzilac, Morelos"
Ambystoma altamirani,Negative,Historical,"Huitzilac, Morelos"
Ambystoma altamirani,Negative,Historical,"Huitzilac, Morelos"
Ambystoma altamirani,Positive,Historical,"Huitzilac, Morelos"
Ambystoma altamirani,Negative,Historical,"Huitzilac, Morelos"
Ambystoma lermaense,Negative,Historical,"Lerma, Mexico"
Ambystoma lermaense,Negative,Historical,"Lerma, Mexico"
Ambystoma lermaense,Negative,Historical,"Lerma, Mexico"
Ambystoma lermaense,Negative,Historical,"Lerma, Mexico"
Ambystoma lermaense,Negative,Historical,"Lerma, Mexico"
Ambystoma mexicanum,Positive,Historical,"Gustavo A. Madero, Ciudad de Mexico"
Ambystoma mexicanum,Negative,Historical,"Xochimilco, Ciudad de Mexico"
Ambystoma rivulare,Positive,Contemporary,"San Jose del Rincon, Mexico"
Ambystoma rivulare,Positive,Contemporary,"San Jose del Rincon, Mexico"
Ambystoma rivulare,Positive,Contemporary,"Senguio, Michoacan de Ocampo"
Anaxyrus boreas,Positive,Contemporary,"Ensenada, Baja California"
Anaxyrus boreas,Positive,Contemporary,"Ensenada, Baja California"
Anaxyrus boreas,Positive,Contemporary,"Ensenada, Baja California"
Anaxyrus boreas,Positive,Contemporary,"Ensenada, Baja California"
Anaxyrus boreas,Positive,Contemporary,"Ensenada, Baja California"
Anaxyrus boreas,Positive,Contemporary,"Ensenada, Baja California"
Anaxyrus boreas,Negative,Contemporary,"Ensenada, Baja California"
Anaxyrus boreas,Negative,Contemporary,"Ensenada, Baja California"
Anaxyrus boreas,Negative,Contemporary,"Ensenada, Baja California"
Anaxyrus boreas,Negative,Contemporary,"Ensenada, Baja California"
Anaxyrus boreas,Negative,Contemporary,"Ensenada, Baja California"
Anaxyrus boreas,Positive,Contemporary,"Ensenada, Baja California"
Anaxyrus boreas,Positive,Contemporary,"Ensenada, Baja California"
Anaxyrus boreas,Positive,Contemporary,"Ensenada, Baja California"
Anaxyrus boreas,Positive,Contemporary,"Ensenada, Baja California"
Anaxyrus boreas,Positive,Contemporary,"Ensenada, Baja California"
Anaxyrus boreas,Positive,Contemporary,"Ensenada, Baja California"
Anaxyrus boreas,Negative,Contemporary,"Ensenada, Baja California"
Anaxyrus boreas,Negative,Contemporary,"Ensenada, Baja California"
Anaxyrus boreas,Negative,Contemporary,"Ensenada, Baja California"
Anaxyrus boreas,Negative,Contemporary,"Ensenada, Baja California"
Anaxyrus cognatus,Positive,Historical,"Mazapil, Zacatecas"
Anaxyrus cognatus,Positive,Historical,"Mazapil, Zacatecas"
Anaxyrus cognatus,Positive,Historical,"Mazapil, Zacatecas"
Anaxyrus punctatus,Positive,Historical,"Los Cabos, Baja California Sur"
Anaxyrus punctatus,Positive,Historical,"Los Cabos, Baja California Sur"
Anaxyrus punctatus,Positive,Historical,"Los Cabos, Baja California Sur"
Anaxyrus punctatus,Positive,Historical,"Los Cabos, Baja California Sur"
Anaxyrus punctatus,Negative,Contemporary,"Guanajuato, Guanajuato"
Anaxyrus punctatus,Negative,Contemporary,"Guanajuato, Guanajuato"
Anaxyrus punctatus,Negative,Contemporary,"Guanajuato, Guanajuato"
Anotheca spinosa,Positive,Contemporary,"Ixtaczoquitlan, Veracruz de Ignacio de la Llave"
Aquiloeurycea cafetalera,Negative,Contemporary,"Tlacolulan, Veracruz de Ignacio de la Llave"
Aquiloeurycea cafetalera,Negative,Contemporary,"Villa Aldama, Veracruz de Ignacio de la Llave"
Aquiloeurycea cephalica,Negative,Historical,"Tlalpan, Ciudad de Mexico"
Aquiloeurycea cephalica,Positive,Historical,"Xochimilco, Ciudad de Mexico"
Aquiloeurycea cephalica,Negative,Historical,"Huitzilac, Morelos"
Aquiloeurycea cephalica,Negative,Historical,"Huitzilac, Morelos"
Aquiloeurycea cephalica,Negative,Contemporary,"Gomez Farias, Tamaulipas"
Aquiloeurycea cephalica,Negative,Contemporary,"Gomez Farias, Tamaulipas"
Aquiloeurycea cephalica,Negative,Historical,"Acajete, Veracruz de Ignacio de la Llave"
Aquiloeurycea cephalica,Positive,Historical,"Villa Aldama, Veracruz de Ignacio de la Llave"
Aquiloeurycea galeanae,Negative,Contemporary,"General Zaragoza, Nuevo Leon"
Aquiloeurycea galeanae,Negative,Contemporary,"General Zaragoza, Nuevo Leon"
Aquiloeurycea galeanae,Negative,Contemporary,"General Zaragoza, Nuevo Leon"
Aquiloeurycea galeanae,Negative,Contemporary,"General Zaragoza, Nuevo Leon"
Aquiloeurycea galeanae,Negative,Contemporary,"General Zaragoza, Nuevo Leon"
Aquiloeurycea galeanae,Negative,Contemporary,"General Zaragoza, Nuevo Leon"
Aquiloeurycea galeanae,Negative,Contemporary,"General Zaragoza, Nuevo Leon"
Aquiloeurycea galeanae,Negative,Contemporary,"General Zaragoza, Nuevo Leon"
Aquiloeurycea galeanae,Negative,Contemporary,"General Zaragoza, Nuevo Leon"
Aquiloeurycea galeanae,Negative,Contemporary,"General Zaragoza, Nuevo Leon"
Aquiloeurycea galeanae,Negative,Contemporary,"General Zaragoza, Nuevo Leon"
Aquiloeurycea galeanae,Negative,Contemporary,"General Zaragoza, Nuevo Leon"
Aquiloeurycea galeanae,Negative,Contemporary,"General Zaragoza, Nuevo Leon"
Aquiloeurycea galeanae,Negative,Contemporary,"General Zaragoza, Nuevo Leon"
Aquiloeurycea galeanae,Negative,Contemporary,"General Zaragoza, Nuevo Leon"
Aquiloeurycea galeanae,Negative,Contemporary,"General Zaragoza, Nuevo Leon"
Aquiloeurycea galeanae,Negative,Contemporary,"General Zaragoza, Nuevo Leon"
Aquiloeurycea galeanae,Negative,Contemporary,"General Zaragoza, Nuevo Leon"
Aquiloeurycea praecellens,Negative,Historical,"Teocelo, Veracruz de Ignacio de la Llave"
Aquiloeurycea praecellens,Negative,Historical,"Teocelo, Veracruz de Ignacio de la Llave"
Aquiloeurycea praecellens,Negative,Historical,"Teocelo, Veracruz de Ignacio de la Llave"
Aquiloeurycea praecellens,Negative,Historical,"Teocelo, Veracruz de Ignacio de la Llave"
Aquiloeurycea scandens,Negative,Contemporary,"General Zaragoza, Nuevo Leon"
Aquiloeurycea scandens,Negative,Contemporary,"General Zaragoza, Nuevo Leon"
Aquiloeurycea scandens,Negative,Contemporary,"General Zaragoza, Nuevo Leon"
Aquiloeurycea scandens,Negative,Contemporary,"Gomez Farias, Tamaulipas"
Aquiloeurycea scandens,Negative,Contemporary,"Gomez Farias, Tamaulipas"
Aquiloeurycea scandens,Negative,Contemporary,"Gomez Farias, Tamaulipas"
Aquiloeurycea scandens,Negative,Contemporary,"Gomez Farias, Tamaulipas"
Aquiloeurycea scandens,Negative,Contemporary,"Hidalgo, Tamaulipas"
Aquiloeurycea scandens,Negative,Contemporary,"Hidalgo, Tamaulipas"
Aquiloeurycea scandens,Negative,Contemporary,"Hidalgo, Tamaulipas"
Aquiloeurycea scandens,Negative,Contemporary,"Hidalgo, Tamaulipas"
Aquiloeurycea scandens,Negative,Contemporary,"Hidalgo, Tamaulipas"
Aquiloeurycea scandens,Negative,Contemporary,"Hidalgo, Tamaulipas"
Aquiloeurycea scandens,Negative,Contemporary,"Hidalgo, Tamaulipas"
Aquiloeurycea scandens,Negative,Contemporary,"Hidalgo, Tamaulipas"
Aquiloeurycea scandens,Negative,Contemporary,"Hidalgo, Tamaulipas"
Aquiloeurycea scandens,Negative,Contemporary,"Hidalgo, Tamaulipas"
Bolitoglossa franklini,Negative,Contemporary,"La Concordia, Chiapas"
Bolitoglossa franklini,Negative,Contemporary,"La Concordia, Chiapas"
Bolitoglossa franklini,Negative,Contemporary,"La Concordia, Chiapas"
Bolitoglossa franklini,Positive,Contemporary,"La Concordia, Chiapas"
Bolitoglossa franklini,Negative,Contemporary,"Mapastepec, Chiapas"
Bolitoglossa franklini,Negative,Contemporary,"Mapastepec, Chiapas"
Bolitoglossa franklini,Positive,Contemporary,"Mapastepec, Chiapas"
Bolitoglossa franklini,Negative,Contemporary,"Mapastepec, Chiapas"
Bolitoglossa franklini,Negative,Contemporary,"Mapastepec, Chiapas"
Bolitoglossa franklini,Negative,Contemporary,"Mapastepec, Chiapas"
Bolitoglossa franklini,Negative,Contemporary,"Mapastepec, Chiapas"
Bolitoglossa franklini,Negative,Contemporary,"Mapastepec, Chiapas"
Bolitoglossa franklini,Negative,Contemporary,"Mapastepec, Chiapas"
Bolitoglossa hermosa,Positive,Historical,"Atoyac de Alvarez, Guerrero"
Bolitoglossa hermosa,Negative,Historical,"Atoyac de Alvarez, Guerrero"
Bolitoglossa hermosa,Negative,Historical,"Atoyac de Alvarez, Guerrero"
Bolitoglossa hermosa,Negative,Historical,"Atoyac de Alvarez, Guerrero"
Bolitoglossa hermosa,Negative,Historical,"Atoyac de Alvarez, Guerrero"
Bolitoglossa occidentalis,Positive,Historical,"Berriozabal, Chiapas"
Bolitoglossa occidentalis,Positive,Historical,"Berriozabal, Chiapas"
Bolitoglossa occidentalis,Negative,Historical,"Berriozabal, Chiapas"
Bolitoglossa occidentalis,Negative,Historical,"Berriozabal, Chiapas"
Bolitoglossa occidentalis,Negative,Historical,"Cacahoatan, Chiapas"
Bolitoglossa occidentalis,Negative,Historical,"Cacahoatan, Chiapas"
Bolitoglossa occidentalis,Negative,Contemporary,"Escuintla, Chiapas"
Bolitoglossa occidentalis,Negative,Historical,"Escuintla, Chiapas"
Bolitoglossa occidentalis,Negative,Historical,"Escuintla, Chiapas"
Bolitoglossa occidentalis,Negative,Historical,"Escuintla, Chiapas"
Bolitoglossa occidentalis,Positive,Historical,"Huehuetan, Chiapas"
Bolitoglossa occidentalis,Negative,Contemporary,"La Concordia, Chiapas"
Bolitoglossa occidentalis,Negative,Contemporary,"La Concordia, Chiapas"
Bolitoglossa occidentalis,Positive,Contemporary,"La Concordia, Chiapas"
Bolitoglossa occidentalis,Positive,Contemporary,"La Concordia, Chiapas"
Bolitoglossa occidentalis,Negative,Contemporary,"La Concordia, Chiapas"
Bolitoglossa occidentalis,Negative,Contemporary,"La Concordia, Chiapas"
Bolitoglossa occidentalis,Negative,Contemporary,"La Concordia, Chiapas"
Bolitoglossa occidentalis,Positive,Historical,"Motozintla, Chiapas"
Bolitoglossa occidentalis,Negative,Historical,"Motozintla, Chiapas"
Bolitoglossa occidentalis,Positive,Historical,"San Fernando, Chiapas"
Bolitoglossa occidentalis,Negative,Historical,"San Fernando, Chiapas"
Bolitoglossa occidentalis,Negative,Historical,"Tapachula, Chiapas"
Bolitoglossa occidentalis,Negative,Historical,"Tapachula, Chiapas"
Bolitoglossa occidentalis,Positive,Historical,"Tapachula, Chiapas"
Bolitoglossa occidentalis,Negative,Historical,"Tapachula, Chiapas"
Bolitoglossa occidentalis,Negative,Historical,"Tapachula, Chiapas"
Bolitoglossa occidentalis,Negative,Historical,"Tapachula, Chiapas"
Bolitoglossa platydactyla,Negative,Historical,"Amatlan de los Reyes, Veracruz de Ignacio de la Llave"
Bolitoglossa platydactyla,Positive,Historical,"Amatlan de los Reyes, Veracruz de Ignacio de la Llave"
Bolitoglossa platydactyla,Positive,Historical,"Amatlan de los Reyes, Veracruz de Ignacio de la Llave"
Bolitoglossa platydactyla,Positive,Historical,"Amatlan de los Reyes, Veracruz de Ignacio de la Llave"
Bolitoglossa platydactyla,Positive,Historical,"Amatlan de los Reyes, Veracruz de Ignacio de la Llave"
Bolitoglossa platydactyla,Positive,Historical,"Amatlan de los Reyes, Veracruz de Ignacio de la Llave"
Bolitoglossa platydactyla,Negative,Historical,"Amatlan de los Reyes, Veracruz de Ignacio de la Llave"
Bolitoglossa platydactyla,Negative,Historical,"Amatlan de los Reyes, Veracruz de Ignacio de la Llave"
Bolitoglossa platydactyla,Negative,Historical,"Amatlan de los Reyes, Veracruz de Ignacio de la Llave"
Bolitoglossa platydactyla,Negative,Contemporary,"Cordoba, Veracruz de Ignacio de la Llave"
Bolitoglossa platydactyla,Positive,Historical,"Emiliano Zapata, Veracruz de Ignacio de la Llave"
Bolitoglossa platydactyla,Negative,Historical,"Ixtaczoquitlan, Veracruz de Ignacio de la Llave"
Bolitoglossa platydactyla,Negative,Historical,"Ixtaczoquitlan, Veracruz de Ignacio de la Llave"
Bolitoglossa platydactyla,Negative,Historical,"Ixtaczoquitlan, Veracruz de Ignacio de la Llave"
Bolitoglossa rostrata,Negative,Historical,"Chamula, Chiapas"
Bolitoglossa rostrata,Negative,Historical,"Chamula, Chiapas"
Bolitoglossa rostrata,Negative,Historical,"Chamula, Chiapas"
Bolitoglossa rostrata,Positive,Historical,"Chamula, Chiapas"
Bolitoglossa rostrata,Negative,Historical,"Chamula, Chiapas"
Bolitoglossa rostrata,Negative,Historical,"Chamula, Chiapas"
Bolitoglossa rostrata,Negative,Historical,"Chamula, Chiapas"
Bolitoglossa rostrata,Negative,Historical,"Chamula, Chiapas"
Bolitoglossa rostrata,Negative,Historical,"Chamula, Chiapas"
Bolitoglossa rostrata,Positive,Historical,"Chamula, Chiapas"
Bolitoglossa rostrata,Negative,Historical,"Chamula, Chiapas"
Bolitoglossa rostrata,Negative,Historical,"Chamula, Chiapas"
Bolitoglossa rostrata,Negative,Historical,"Chamula, Chiapas"
Bolitoglossa rostrata,Positive,Historical,"Chamula, Chiapas"
Bolitoglossa rostrata,Negative,Historical,"Chamula, Chiapas"
Bolitoglossa rostrata,Negative,Historical,"Chamula, Chiapas"
Bolitoglossa rostrata,Negative,Historical,"Chamula, Chiapas"
Bolitoglossa rostrata,Negative,Historical,"Chamula, Chiapas"
Bolitoglossa rostrata,Negative,Historical,"Chamula, Chiapas"
Bolitoglossa rostrata,Negative,Historical,"Chamula, Chiapas"
Bolitoglossa rostrata,Negative,Historical,"Chamula, Chiapas"
Bolitoglossa rostrata,Negative,Historical,"Chamula, Chiapas"
Bolitoglossa rostrata,Negative,Historical,"Chamula, Chiapas"
Bolitoglossa rostrata,Negative,Historical,"Chamula, Chiapas"
Bolitoglossa rostrata,Negative,Historical,"Chamula, Chiapas"
Bolitoglossa rostrata,Negative,Historical,"Chamula, Chiapas"
Bolitoglossa rostrata,Negative,Historical,"Mitontic, Chiapas"
Bolitoglossa rostrata,Negative,Historical,"Mitontic, Chiapas"
Bolitoglossa rostrata,Negative,Historical,"Mitontic, Chiapas"
Bolitoglossa rufescens,Positive,Historical,"Amatlan de los Reyes, Veracruz de Ignacio de la Llave"
Bolitoglossa rufescens,Positive,Historical,"Amatlan de los Reyes, Veracruz de Ignacio de la Llave"
Bolitoglossa rufescens,Positive,Historical,"Amatlan de los Reyes, Veracruz de Ignacio de la Llave"
Bolitoglossa rufescens,Negative,Contemporary,"Fortin, Veracruz de Ignacio de la Llave"
Bolitoglossa rufescens,Positive,Historical,"Ixtaczoquitlan, Veracruz de Ignacio de la Llave"
Bolitoglossa rufescens,Positive,Historical,"Ixtaczoquitlan, Veracruz de Ignacio de la Llave"
Bolitoglossa rufescens,Positive,Historical,"Ixtaczoquitlan, Veracruz de Ignacio de la Llave"
Bolitoglossa yucatana,Positive,Historical,"Panaba, Yucatan"
Bolitoglossa yucatana,Positive,Historical,"Panaba, Yucatan"
Bolitoglossa yucatana,Positive,Historical,"Panaba, Yucatan"
Bolitoglossa yucatana,Negative,Historical,"Panaba, Yucatan"
Charadrahyla juanitae,Negative,Contemporary,"Atoyac de Alvarez, Guerrero"
Charadrahyla pinorum,Negative,Historical,"Atoyac de Alvarez, Guerrero"
Charadrahyla pinorum,Negative,Historical,"Atoyac de Alvarez, Guerrero"
Charadrahyla pinorum,Negative,Contemporary,"Atoyac de Alvarez, Guerrero"
Charadrahyla pinorum,Negative,Contemporary,"Atoyac de Alvarez, Guerrero"
Charadrahyla pinorum,Negative,Contemporary,"Atoyac de Alvarez, Guerrero"
Charadrahyla pinorum,Negative,Contemporary,"Atoyac de Alvarez, Guerrero"
Charadrahyla pinorum,Negative,Contemporary,"Atoyac de Alvarez, Guerrero"
Charadrahyla pinorum,Negative,Contemporary,"Atoyac de Alvarez, Guerrero"
Charadrahyla pinorum,Negative,Contemporary,"Atoyac de Alvarez, Guerrero"
Charadrahyla pinorum,Negative,Contemporary,"Atoyac de Alvarez, Guerrero"
Charadrahyla pinorum,Negative,Contemporary,"Atoyac de Alvarez, Guerrero"
Charadrahyla pinorum,Negative,Contemporary,"Atoyac de Alvarez, Guerrero"
Charadrahyla pinorum,Negative,Contemporary,"Atoyac de Alvarez, Guerrero"
Charadrahyla pinorum,Negative,Contemporary,"Atoyac de Alvarez, Guerrero"
Charadrahyla pinorum,Negative,Contemporary,"Atoyac de Alvarez, Guerrero"
Charadrahyla pinorum,Negative,Contemporary,"Atoyac de Alvarez, Guerrero"
Charadrahyla pinorum,Negative,Contemporary,"Atoyac de Alvarez, Guerrero"
Charadrahyla pinorum,Negative,Contemporary,"Atoyac de Alvarez, Guerrero"
Charadrahyla pinorum,Negative,Contemporary,"Atoyac de Alvarez, Guerrero"
Charadrahyla pinorum,Positive,Historical,"Atoyac de Alvarez, Guerrero"
Charadrahyla pinorum,Positive,Historical,"Atoyac de Alvarez, Guerrero"
Charadrahyla pinorum,Positive,Historical,"Atoyac de Alvarez, Guerrero"
Charadrahyla pinorum,Negative,Historical,"Atoyac de Alvarez, Guerrero"
Charadrahyla pinorum,Negative,Historical,"Atoyac de Alvarez, Guerrero"
Charadrahyla pinorum,Negative,Historical,"Atoyac de Alvarez, Guerrero"
Charadrahyla pinorum,Negative,Historical,"Atoyac de Alvarez, Guerrero"
Charadrahyla pinorum,Negative,Historical,"Chilpancingo de los Bravo, Guerrero"
Chiropterotriton chondrostega,Negative,Historical,"Gomez Farias, Tamaulipas"
Chiropterotriton chondrostega,Negative,Historical,"Gomez Farias, Tamaulipas"
Chiropterotriton chondrostega,Negative,Historical,"Gomez Farias, Tamaulipas"
Chiropterotriton chondrostega,Negative,Historical,"Gomez Farias, Tamaulipas"
Chiropterotriton chondrostega,Negative,Historical,"Gomez Farias, Tamaulipas"
Chiropterotriton chondrostega,Negative,Historical,"Gomez Farias, Tamaulipas"
Chiropterotriton chondrostega,Negative,Historical,"Gomez Farias, Tamaulipas"
Chiropterotriton chondrostega,Negative,Historical,"Gomez Farias, Tamaulipas"
Chiropterotriton chondrostega,Negative,Historical,"Gomez Farias, Tamaulipas"
Chiropterotriton chondrostega,Negative,Historical,"Gomez Farias, Tamaulipas"
Chiropterotriton dimidiatus,Negative,Historical,"Mineral del Chico, Hidalgo"
Chiropterotriton dimidiatus,Negative,Historical,"Mineral del Chico, Hidalgo"
Chiropterotriton infernalis,Negative,Contemporary,"General Zaragoza, Nuevo Leon"
Chiropterotriton infernalis,Negative,Contemporary,"General Zaragoza, Nuevo Leon"
Chiropterotriton infernalis,Negative,Contemporary,"General Zaragoza, Nuevo Leon"
Chiropterotriton infernalis,Negative,Contemporary,"General Zaragoza, Nuevo Leon"
Chiropterotriton infernalis,Negative,Contemporary,"General Zaragoza, Nuevo Leon"
Chiropterotriton infernalis,Negative,Contemporary,"General Zaragoza, Nuevo Leon"
Chiropterotriton infernalis,Negative,Historical,"Gomez Farias, Tamaulipas"
Chiropterotriton infernalis,Negative,Historical,"Gomez Farias, Tamaulipas"
Chiropterotriton infernalis,Negative,Historical,"Gomez Farias, Tamaulipas"
Chiropterotriton infernalis,Negative,Historical,"Gomez Farias, Tamaulipas"
Chiropterotriton infernalis,Negative,Historical,"Gomez Farias, Tamaulipas"
Chiropterotriton infernalis,Negative,Historical,"Gomez Farias, Tamaulipas"
Chiropterotriton infernalis,Negative,Contemporary,"Hidalgo, Tamaulipas"
Chiropterotriton infernalis,Negative,Contemporary,"Hidalgo, Tamaulipas"
Chiropterotriton infernalis,Negative,Contemporary,"Hidalgo, Tamaulipas"
Chiropterotriton magnipes,Negative,Historical,"Zacatlan, Puebla"
Chiropterotriton magnipes,Negative,Historical,"Xilitla, San Luis Potosi"
Chiropterotriton magnipes,Negative,Historical,"Xilitla, San Luis Potosi"
Chiropterotriton magnipes,Negative,Historical,"Xilitla, San Luis Potosi"
Chiropterotriton miquihuanus,Negative,Contemporary,"General Zaragoza, Nuevo Leon"
Chiropterotriton miquihuanus,Negative,Contemporary,"General Zaragoza, Nuevo Leon"
Chiropterotriton miquihuanus,Negative,Contemporary,"General Zaragoza, Nuevo Leon"
Chiropterotriton miquihuanus,Negative,Contemporary,"General Zaragoza, Nuevo Leon"
Chiropterotriton miquihuanus,Negative,Contemporary,"General Zaragoza, Nuevo Leon"
Chiropterotriton miquihuanus,Negative,Contemporary,"General Zaragoza, Nuevo Leon"
Chiropterotriton priscus,Negative,Contemporary,"Galeana, Nuevo Leon"
Chiropterotriton priscus,Negative,Contemporary,"Galeana, Nuevo Leon"
Chiropterotriton priscus,Negative,Contemporary,"Galeana, Nuevo Leon"
Chiropterotriton priscus,Negative,Contemporary,"Galeana, Nuevo Leon"
Chiropterotriton priscus,Negative,Contemporary,"Galeana, Nuevo Leon"
Chiropterotriton priscus,Negative,Contemporary,"Galeana, Nuevo Leon"
Chiropterotriton priscus,Negative,Contemporary,"Galeana, Nuevo Leon"
Chiropterotriton priscus,Negative,Contemporary,"Galeana, Nuevo Leon"
Chiropterotriton priscus,Negative,Contemporary,"Galeana, Nuevo Leon"
Chiropterotriton priscus,Negative,Contemporary,"Galeana, Nuevo Leon"
Chiropterotriton priscus,Negative,Contemporary,"Galeana, Nuevo Leon"
Chiropterotriton priscus,Negative,Contemporary,"Galeana, Nuevo Leon"
Chiropterotriton priscus,Negative,Contemporary,"Galeana, Nuevo Leon"
Chiropterotriton priscus,Negative,Contemporary,"Galeana, Nuevo Leon"
Chiropterotriton priscus,Negative,Contemporary,"Galeana, Nuevo Leon"
Chiropterotriton priscus,Negative,Contemporary,"Galeana, Nuevo Leon"
Craugastor augusti,Negative,Historical,"Leonardo Bravo, Guerrero"
Craugastor augusti,Negative,Historical,"Zitacuaro, Michoacan de Ocampo"
Craugastor augusti,Negative,Historical,"Atlatlahucan, Morelos"
Craugastor decoratus,Negative,Contemporary,"Ixtaczoquitlan, Veracruz de Ignacio de la Llave"
Craugastor decoratus,Negative,Contemporary,"Ixtaczoquitlan, Veracruz de Ignacio de la Llave"
Craugastor laticeps,Negative,Contemporary,"Santa Maria Chimalapa, Oaxaca"
Craugastor laticeps,Negative,Contemporary,"Santa Maria Chimalapa, Oaxaca"
Craugastor matudai,Negative,Contemporary,"La Concordia, Chiapas"
Craugastor matudai,Negative,Contemporary,"La Concordia, Chiapas"
Craugastor matudai,Negative,Contemporary,"La Concordia, Chiapas"
Craugastor matudai,Negative,Contemporary,"La Concordia, Chiapas"
Craugastor matudai,Negative,Contemporary,"La Concordia, Chiapas"
Craugastor matudai,Negative,Contemporary,"La Concordia, Chiapas"
Craugastor matudai,Negative,Contemporary,"La Concordia, Chiapas"
Craugastor matudai,Positive,Contemporary,"La Concordia, Chiapas"
Craugastor matudai,Negative,Contemporary,"La Concordia, Chiapas"
Craugastor matudai,Negative,Contemporary,"La Concordia, Chiapas"
Craugastor matudai,Positive,Contemporary,"La Concordia, Chiapas"
Craugastor matudai,Negative,Contemporary,"La Concordia, Chiapas"
Craugastor matudai,Negative,Contemporary,"La Concordia, Chiapas"
Craugastor matudai,Negative,Contemporary,"La Concordia, Chiapas"
Craugastor matudai,Negative,Contemporary,"La Concordia, Chiapas"
Craugastor matudai,Negative,Contemporary,"La Concordia, Chiapas"
Craugastor matudai,Negative,Contemporary,"La Concordia, Chiapas"
Craugastor matudai,Negative,Contemporary,"La Concordia, Chiapas"
Craugastor matudai,Negative,Contemporary,"La Concordia, Chiapas"
Craugastor matudai,Negative,Contemporary,"La Concordia, Chiapas"
Craugastor matudai,Negative,Contemporary,"La Concordia, Chiapas"
Craugastor matudai,Negative,Contemporary,"La Concordia, Chiapas"
Craugastor pygmaeus,Positive,Contemporary,"San Agustin Loxicha, Oaxaca"
Craugastor rhodopis,Negative,Contemporary,"Tlacolulan, Veracruz de Ignacio de la Llave"
Craugastor rhodopis,Negative,Contemporary,"Tlacolulan, Veracruz de Ignacio de la Llave"
Craugastor rhodopis,Negative,Contemporary,"Villa Aldama, Veracruz de Ignacio de la Llave"
Craugastor rhodopis,Negative,Contemporary,"Villa Aldama, Veracruz de Ignacio de la Llave"
Craugastor rhodopis,Negative,Contemporary,"Villa Aldama, Veracruz de Ignacio de la Llave"
Craugastor rhodopis,Negative,Contemporary,"Villa Aldama, Veracruz de Ignacio de la Llave"
Craugastor rhodopis,Negative,Contemporary,"Villa Aldama, Veracruz de Ignacio de la Llave"
Craugastor rhodopis,Negative,Contemporary,"Villa Aldama, Veracruz de Ignacio de la Llave"
Craugastor rhodopis,Negative,Contemporary,"Villa Aldama, Veracruz de Ignacio de la Llave"
Craugastor rhodopis,Positive,Contemporary,"Villa Aldama, Veracruz de Ignacio de la Llave"
Craugastor rhodopis,Negative,Contemporary,"Villa Aldama, Veracruz de Ignacio de la Llave"
Craugastor rhodopis,Negative,Contemporary,"Villa Aldama, Veracruz de Ignacio de la Llave"
Craugastor rhodopis,Negative,Contemporary,"Villa Aldama, Veracruz de Ignacio de la Llave"
Craugastor rhodopis,Negative,Contemporary,"Villa Aldama, Veracruz de Ignacio de la Llave"
Craugastor rhodopis,Negative,Contemporary,"Villa Aldama, Veracruz de Ignacio de la Llave"
Craugastor rhodopis,Negative,Contemporary,"Villa Aldama, Veracruz de Ignacio de la Llave"
Craugastor rhodopis,Negative,Contemporary,"Villa Aldama, Veracruz de Ignacio de la Llave"
Craugastor rhodopis,Negative,Contemporary,"Villa Aldama, Veracruz de Ignacio de la Llave"
Craugastor rhodopis,Negative,Contemporary,"Villa Aldama, Veracruz de Ignacio de la Llave"
Craugastor rhodopis,Negative,Contemporary,"Villa Aldama, Veracruz de Ignacio de la Llave"
Craugastor rhodopis,Negative,Contemporary,"Villa Aldama, Veracruz de Ignacio de la Llave"
Craugastor rhodopis,Negative,Contemporary,"Villa Aldama, Veracruz de Ignacio de la Llave"
Craugastor rhodopis,Negative,Contemporary,"Villa Aldama, Veracruz de Ignacio de la Llave"
Craugastor rhodopis,Negative,Contemporary,"Villa Aldama, Veracruz de Ignacio de la Llave"
Craugastor rhodopis,Negative,Contemporary,"Villa Aldama, Veracruz de Ignacio de la Llave"
Craugastor rhodopis,Negative,Contemporary,"Villa Aldama, Veracruz de Ignacio de la Llave"
Craugastor rhodopis,Negative,Contemporary,"Villa Aldama, Veracruz de Ignacio de la Llave"
Craugastor rhodopis,Negative,Contemporary,"Villa Aldama, Veracruz de Ignacio de la Llave"
Craugastor rhodopis,Negative,Contemporary,"Villa Aldama, Veracruz de Ignacio de la Llave"
Craugastor rhodopis,Negative,Contemporary,"Villa Aldama, Veracruz de Ignacio de la Llave"
Craugastor rhodopis,Negative,Contemporary,"Villa Aldama, Veracruz de Ignacio de la Llave"
Craugastor rhodopis,Positive,Contemporary,"Xico, Veracruz de Ignacio de la Llave"
Craugastor rhodopis,Positive,Contemporary,"Xico, Veracruz de Ignacio de la Llave"
Craugastor sp.,Negative,Contemporary,"Teocelo, Veracruz de Ignacio de la Llave"
Craugastor sp.,Negative,Contemporary,"Teocelo, Veracruz de Ignacio de la Llave"
Craugastor sp.,Positive,Contemporary,"Teocelo, Veracruz de Ignacio de la Llave"
Craugastor sp.,Positive,Contemporary,"Teocelo, Veracruz de Ignacio de la Llave"
Craugastor sp.,Negative,Contemporary,"Teocelo, Veracruz de Ignacio de la Llave"
Craugastor sp.,Negative,Contemporary,"Teocelo, Veracruz de Ignacio de la Llave"
Craugastor sp.,Negative,Contemporary,"Teocelo, Veracruz de Ignacio de la Llave"
Craugastor sp.,Positive,Contemporary,"Teocelo, Veracruz de Ignacio de la Llave"
Dendrotriton xolocalcae,Negative,Contemporary,"La Concordia, Chiapas"
Dendrotriton xolocalcae,Negative,Contemporary,"La Concordia, Chiapas"
Dermophis mexicanus,Positive,Historical,"Tonala, Chiapas"
Dermophis mexicanus,Negative,Historical,"Tonala, Chiapas"
Dermophis mexicanus,Negative,Historical,"Tonala, Chiapas"
Dermophis mexicanus,Negative,Historical,"Tonala, Chiapas"
Dermophis mexicanus,Negative,Historical,"Matias Romero Avendaño, Oaxaca"
Dermophis mexicanus,Negative,Historical,"Matias Romero Avendaño, Oaxaca"
Dryophytes arenicolor,Negative,Contemporary,"Guanajuato, Guanajuato"
Dryophytes arenicolor,Positive,Contemporary,"Guanajuato, Guanajuato"
Dryophytes arenicolor,Positive,Contemporary,"Guanajuato, Guanajuato"
Dryophytes arenicolor,Negative,Contemporary,"Guanajuato, Guanajuato"
Dryophytes arenicolor,Negative,Contemporary,"Guanajuato, Guanajuato"
Dryophytes arenicolor,Negative,Contemporary,"Alamos, Sonora"
Dryophytes arenicolor,Negative,Contemporary,"Alamos, Sonora"
Dryophytes arenicolor,Negative,Contemporary,"Alamos, Sonora"
Dryophytes eximius,Negative,Contemporary,"Almoloya de Juarez, Mexico"
Dryophytes eximius,Negative,Contemporary,"Almoloya de Juarez, Mexico"
Dryophytes eximius,Negative,Contemporary,"Contepec, Michoacan de Ocampo"
Dryophytes plicatus,Negative,Contemporary,"San Jose del Rincon, Mexico"
Dryophytes plicatus,Negative,Contemporary,"Angangueo, Michoacan de Ocampo"
Dryophytes plicatus,Negative,Contemporary,"Angangueo, Michoacan de Ocampo"
Dryophytes plicatus,Negative,Contemporary,"Senguio, Michoacan de Ocampo"
Dryophytes wrightorum,Positive,Historical,"Madera, Chihuahua"
Dryophytes wrightorum,Negative,Historical,"Madera, Chihuahua"
Duellmanohyla sp.,Negative,Contemporary,"Union Juarez, Chiapas"
Duellmanohyla sp.,Positive,Contemporary,"Union Juarez, Chiapas"
Duellmanohyla sp.,Negative,Contemporary,"San Juan Cotzocan, Oaxaca"
Duellmanohyla sp.,Negative,Contemporary,"San Juan Cotzocan, Oaxaca"
Duellmanohyla sp.,Negative,Contemporary,"San Juan Cotzocan, Oaxaca"
Eleuctherodactylus cystignathoides,Negative,Contemporary,"Fortin, Veracruz de Ignacio de la Llave"
Eleutherodactylus dilatus,Positive,Historical,"Chilpancingo de los Bravo, Guerrero"
Eleutherodactylus dilatus,Positive,Historical,"Chilpancingo de los Bravo, Guerrero"
Eleutherodactylus dilatus,Positive,Historical,"Chilpancingo de los Bravo, Guerrero"
Eleutherodactylus dilatus,Negative,Historical,"Chilpancingo de los Bravo, Guerrero"
Eleutherodactylus dilatus,Negative,Historical,"Chilpancingo de los Bravo, Guerrero"
Eleutherodactylus nitidus,Negative,Historical,"Zitacuaro, Michoacan de Ocampo"
Eleutherodactylus nitidus,Negative,Historical,"Coatlan del Rio, Morelos"
Eleutherodactylus nitidus,Negative,Historical,"Coatlan del Rio, Morelos"
Eleutherodactylus nitidus,Negative,Historical,"San Blas, Nayarit"
Eleutherodactylus nitidus,Negative,Historical,"Rafael Lucio, Veracruz de Ignacio de la Llave"
Eleutherodactylus sp.,Negative,Contemporary,"Escuintla, Chiapas"
Eleutherodactylus sp.,Negative,Contemporary,"Gomez Farias, Tamaulipas"
Eleutherodactylus sp.,Negative,Contemporary,"Gomez Farias, Tamaulipas"
Eleutherodactylus sp.,Negative,Contemporary,"Gomez Farias, Tamaulipas"
Eleutherodactylus sp.,Negative,Contemporary,"Gomez Farias, Tamaulipas"
Eleutherodactylus sp.,Negative,Contemporary,"Gomez Farias, Tamaulipas"
Eleutherodactylus sp.,Negative,Contemporary,"Gomez Farias, Tamaulipas"
Eleutherodactylus sp.,Negative,Contemporary,"Gomez Farias, Tamaulipas"
Eleutherodactylus sp.,Negative,Contemporary,"Gomez Farias, Tamaulipas"
Eleutherodactylus syristes,Negative,Contemporary,"San Agustin Loxicha, Oaxaca"
Eleutherodactylus syristes,Negative,Contemporary,"San Agustin Loxicha, Oaxaca"
Eleutherodactylus syristes,Negative,Contemporary,"San Agustin Loxicha, Oaxaca"
Engystomops pustulosus,Negative,Historical,"Othan P. Blanco, Quintana Roo"
Exerodonta sumichrasti,Negative,Contemporary,"Atoyac de Alvarez, Guerrero"
Exerodonta sumichrasti,Negative,Contemporary,"Atoyac de Alvarez, Guerrero"
Exerodonta sumichrasti,Negative,Contemporary,"Atoyac de Alvarez, Guerrero"
Exerodonta sumichrasti,Negative,Contemporary,"Atoyac de Alvarez, Guerrero"
Exerodonta sumichrasti,Negative,Contemporary,"Atoyac de Alvarez, Guerrero"
Exerodonta sumichrasti,Negative,Contemporary,"Atoyac de Alvarez, Guerrero"
Exerodonta sumichrasti,Negative,Contemporary,"Atoyac de Alvarez, Guerrero"
Exerodonta sumichrasti,Negative,Contemporary,"Atoyac de Alvarez, Guerrero"
Exerodonta sumichrasti,Negative,Contemporary,"Atoyac de Alvarez, Guerrero"
Exerodonta sumichrasti,Negative,Contemporary,"Atoyac de Alvarez, Guerrero"
Exerodonta sumichrasti,Negative,Contemporary,"Atoyac de Alvarez, Guerrero"
Exerodonta sumichrasti,Negative,Contemporary,"Atoyac de Alvarez, Guerrero"
Exerodonta sumichrasti,Negative,Contemporary,"Atoyac de Alvarez, Guerrero"
Exerodonta sumichrasti,Negative,Contemporary,"Atoyac de Alvarez, Guerrero"
Exerodonta sumichrasti,Negative,Contemporary,"Atoyac de Alvarez, Guerrero"
Exerodonta sumichrasti,Negative,Contemporary,"Atoyac de Alvarez, Guerrero"
Exerodonta sumichrasti,Negative,Contemporary,"Atoyac de Alvarez, Guerrero"
Exerodonta sumichrasti,Negative,Contemporary,"Atoyac de Alvarez, Guerrero"
Exerodonta sumichrasti,Negative,Contemporary,"Atoyac de Alvarez, Guerrero"
Exerodonta sumichrasti,Negative,Contemporary,"Atoyac de Alvarez, Guerrero"
Exerodonta sumichrasti,Negative,Contemporary,"Atoyac de Alvarez, Guerrero"
Exerodonta sumichrasti,Negative,Contemporary,"Atoyac de Alvarez, Guerrero"
Exerodonta sumichrasti,Negative,Contemporary,"San Agustin Loxicha, Oaxaca"
Gastrophyne mazatlanensis,Negative,Contemporary,"Alamos, Sonora"
Gastrophyne mazatlanensis,Negative,Contemporary,"Alamos, Sonora"
Hyalinobatrachium fleischmanni,Negative,Contemporary,"Atoyac de Alvarez, Guerrero"
Hyalinobatrachium fleischmanni,Negative,Contemporary,"Atoyac de Alvarez, Guerrero"
Hyalinobatrachium fleischmanni,Negative,Contemporary,"Atoyac de Alvarez, Guerrero"
Hyalinobatrachium fleischmanni,Negative,Contemporary,"Atoyac de Alvarez, Guerrero"
Hyalinobatrachium fleischmanni,Negative,Contemporary,"Atoyac de Alvarez, Guerrero"
Hyalinobatrachium fleischmanni,Negative,Contemporary,"Atoyac de Alvarez, Guerrero"
Hyalinobatrachium fleischmanni,Negative,Contemporary,"Atoyac de Alvarez, Guerrero"
Hyalinobatrachium fleischmanni,Negative,Contemporary,"Atoyac de Alvarez, Guerrero"
Hyalinobatrachium fleischmanni,Negative,Contemporary,"Atoyac de Alvarez, Guerrero"
Hyalinobatrachium fleischmanni,Negative,Contemporary,"Atoyac de Alvarez, Guerrero"
Hyalinobatrachium fleischmanni,Negative,Contemporary,"Atoyac de Alvarez, Guerrero"
Hyalinobatrachium fleischmanni,Negative,Contemporary,"Atoyac de Alvarez, Guerrero"
Hyliola cadaverina,Negative,Contemporary,"Ensenada, Baja California"
Hyliola cadaverina,Positive,Contemporary,"Ensenada, Baja California"
Hyliola cadaverina,Positive,Contemporary,"Ensenada, Baja California"
Hyliola cadaverina,Negative,Contemporary,"Ensenada, Baja California"
Hyliola cadaverina,Positive,Historical,"Ensenada, Baja California"
Hyliola cadaverina,Negative,Historical,"Ensenada, Baja California"
Hyliola cadaverina,Negative,Historical,"Ensenada, Baja California"
Hyliola cadaverina,Negative,Historical,"Ensenada, Baja California"
Hyliola cadaverina,Negative,Historical,"Ensenada, Baja California"
Hyliola cadaverina,Negative,Historical,"Ensenada, Baja California"
Hyliola cadaverina,Negative,Historical,"Ensenada, Baja California"
Hyliola cadaverina,Negative,Historical,"Ensenada, Baja California"
Hyliola cadaverina,Negative,Historical,"Ensenada, Baja California"
Hyliola cadaverina,Negative,Historical,"Ensenada, Baja California"
Hyliola cadaverina,Negative,Historical,"Ensenada, Baja California"
Hyliola cadaverina,Negative,Historical,"Ensenada, Baja California"
Hyliola cadaverina,Negative,Historical,"Ensenada, Baja California"
Hyliola cadaverina,Negative,Historical,"Ensenada, Baja California"
Hyliola cadaverina,Negative,Historical,"Ensenada, Baja California"
Hyliola cadaverina,Negative,Historical,"Ensenada, Baja California"
Hyliola cadaverina,Negative,Historical,"Ensenada, Baja California"
Hyliola cadaverina,Negative,Historical,"Ensenada, Baja California"
Hyliola cadaverina,Negative,Historical,"Ensenada, Baja California"
Hyliola cadaverina,Negative,Historical,"Ensenada, Baja California"
Hyliola cadaverina,Positive,Historical,"Ensenada, Baja California"
Hyliola cadaverina,Negative,Historical,"Ensenada, Baja California"
Hyliola cadaverina,Negative,Historical,"Ensenada, Baja California"
Hyliola cadaverina,Positive,Historical,"Mexicali, Baja California"
Hyliola cadaverina,Negative,Historical,"Mexicali, Baja California"
Hyliola cadaverina,Negative,Historical,"Mexicali, Baja California"
Hyliola cadaverina,Positive,Historical,"Mexicali, Baja California"
Hyliola cadaverina,Positive,Historical,"Mexicali, Baja California"
Hyliola cadaverina,Positive,Historical,"Tecate, Baja California"
Hyliola regilla,Positive,Historical,"Ensenada, Baja California"
Hyliola regilla,Negative,Historical,"Ensenada, Baja California"
Hyliola regilla,Positive,Contemporary,"Ensenada, Baja California"
Hyliola regilla,Positive,Contemporary,"Ensenada, Baja California"
Hyliola regilla,Positive,Contemporary,"Ensenada, Baja California"
Hyliola regilla,Positive,Contemporary,"Ensenada, Baja California"
Hyliola regilla,Positive,Contemporary,"Ensenada, Baja California"
Hyliola regilla,Positive,Contemporary,"Ensenada, Baja California"
Hyliola regilla,Positive,Contemporary,"Ensenada, Baja California"
Hyliola regilla,Positive,Contemporary,"Ensenada, Baja California"
Hyliola regilla,Positive,Contemporary,"Ensenada, Baja California"
Hyliola regilla,Positive,Contemporary,"Ensenada, Baja California"
Hyliola regilla,Positive,Contemporary,"Ensenada, Baja California"
Hyliola regilla,Positive,Contemporary,"Ensenada, Baja California"
Hyliola regilla,Positive,Contemporary,"Ensenada, Baja California"
Hyliola regilla,Positive,Contemporary,"Ensenada, Baja California"
Hyliola regilla,Positive,Contemporary,"Ensenada, Baja California"
Hyliola regilla,Positive,Contemporary,"Ensenada, Baja California"
Hyliola regilla,Positive,Contemporary,"Ensenada, Baja California"
Hyliola regilla,Positive,Contemporary,"Ensenada, Baja California"
Hyliola regilla,Positive,Contemporary,"Ensenada, Baja California"
Hyliola regilla,Positive,Contemporary,"Ensenada, Baja California"
Hyliola regilla,Positive,Contemporary,"Ensenada, Baja California"
Hyliola regilla,Positive,Contemporary,"Ensenada, Baja California"
Hyliola regilla,Positive,Contemporary,"Ensenada, Baja California"
Hyliola regilla,Positive,Contemporary,"Ensenada, Baja California"
Hyliola regilla,Positive,Contemporary,"Ensenada, Baja California"
Hyliola regilla,Positive,Contemporary,"Ensenada, Baja California"
Hyliola regilla,Positive,Contemporary,"Ensenada, Baja California"
Hyliola regilla,Positive,Contemporary,"Ensenada, Baja California"
Hyliola regilla,Positive,Contemporary,"Ensenada, Baja California"
Hyliola regilla,Positive,Contemporary,"Ensenada, Baja California"
Hyliola regilla,Positive,Contemporary,"Ensenada, Baja California"
Hyliola regilla,Positive,Contemporary,"Ensenada, Baja California"
Hyliola regilla,Positive,Contemporary,"Ensenada, Baja California"
Hyliola regilla,Positive,Contemporary,"Ensenada, Baja California"
Hyliola regilla,Positive,Historical,"Ensenada, Baja California"
Hyliola regilla,Positive,Historical,"Ensenada, Baja California"
Hyliola regilla,Negative,Historical,"Ensenada, Baja California"
Hyliola regilla,Negative,Historical,"Ensenada, Baja California"
Hyliola regilla,Negative,Historical,"Ensenada, Baja California"
Hyliola regilla,Negative,Historical,"Ensenada, Baja California"
Hyliola regilla,Negative,Historical,"Ensenada, Baja California"
Hyliola regilla,Negative,Historical,"Ensenada, Baja California"
Hyliola regilla,Negative,Historical,"Ensenada, Baja California"
Hyliola regilla,Positive,Contemporary,"Ensenada, Baja California"
Hyliola regilla,Positive,Contemporary,"Ensenada, Baja California"
Hyliola regilla,Positive,Contemporary,"Ensenada, Baja California"
Hyliola regilla,Positive,Contemporary,"Ensenada, Baja California"
Hyliola regilla,Positive,Contemporary,"Ensenada, Baja California"
Hyliola regilla,Positive,Contemporary,"Ensenada, Baja California"
Hyliola regilla,Positive,Contemporary,"Ensenada, Baja California"
Hyliola regilla,Positive,Contemporary,"Ensenada, Baja California"
Hyliola regilla,Positive,Contemporary,"Ensenada, Baja California"
Hyliola regilla,Positive,Contemporary,"Ensenada, Baja California"
Hyliola regilla,Positive,Contemporary,"Ensenada, Baja California"
Hyliola regilla,Positive,Contemporary,"Ensenada, Baja California"
Hyliola regilla,Positive,Contemporary,"Ensenada, Baja California"
Hyliola regilla,Positive,Contemporary,"Ensenada, Baja California"
Hyliola regilla,Positive,Contemporary,"Ensenada, Baja California"
Hyliola regilla,Negative,Contemporary,"Ensenada, Baja California"
Hyliola regilla,Negative,Historical,"Ensenada, Baja California"
Hyliola regilla,Positive,Historical,"Ensenada, Baja California"
Hyliola regilla,Negative,Contemporary,"Ensenada, Baja California"
Hyliola regilla,Negative,Contemporary,"Ensenada, Baja California"
Hyliola regilla,Negative,Contemporary,"Ensenada, Baja California"
Hyliola regilla,Negative,Contemporary,"Ensenada, Baja California"
Hyliola regilla,Negative,Contemporary,"Ensenada, Baja California"
Hyliola regilla,Positive,Contemporary,"Ensenada, Baja California"
Hyliola regilla,Positive,Contemporary,"Ensenada, Baja California"
Hyliola regilla,Positive,Contemporary,"Ensenada, Baja California"
Hyliola regilla,Positive,Contemporary,"Ensenada, Baja California"
Hyliola regilla,Positive,Contemporary,"Ensenada, Baja California"
Hyliola regilla,Positive,Contemporary,"Ensenada, Baja California"
Hyliola regilla,Positive,Contemporary,"Ensenada, Baja California"
Hyliola regilla,Positive,Contemporary,"Ensenada, Baja California"
Hyliola regilla,Positive,Contemporary,"Ensenada, Baja California"
Hyliola regilla,Positive,Contemporary,"Ensenada, Baja California"
Hyliola regilla,Positive,Contemporary,"Ensenada, Baja California"
Hyliola regilla,Positive,Contemporary,"Ensenada, Baja California"
Hyliola regilla,Positive,Historical,"Ensenada, Baja California"
Hyliola regilla,Negative,Historical,"Ensenada, Baja California"
Hyliola regilla,Negative,Historical,"Ensenada, Baja California"
Hyliola regilla,Negative,Historical,"Ensenada, Baja California"
Hyliola regilla,Negative,Historical,"Ensenada, Baja California"
Hyliola regilla,Negative,Historical,"Ensenada, Baja California"
Hyliola regilla,Negative,Historical,"Ensenada, Baja California"
Hyliola regilla,Positive,Contemporary,"Ensenada, Baja California"
Hyliola regilla,Positive,Contemporary,"Ensenada, Baja California"
Hyliola regilla,Positive,Contemporary,"Ensenada, Baja California"
Hyliola regilla,Positive,Contemporary,"Ensenada, Baja California"
Hyliola regilla,Positive,Contemporary,"Ensenada, Baja California"
Hyliola regilla,Positive,Contemporary,"Ensenada, Baja California"
Hyliola regilla,Positive,Contemporary,"Ensenada, Baja California"
Hyliola regilla,Positive,Contemporary,"Ensenada, Baja California"
Hyliola regilla,Negative,Contemporary,"Ensenada, Baja California"
Hyliola regilla,Positive,Historical,"Ensenada, Baja California"
Hyliola regilla,Positive,Contemporary,"Ensenada, Baja California"
Hyliola regilla,Positive,Contemporary,"Ensenada, Baja California"
Hyliola regilla,Positive,Contemporary,"Ensenada, Baja California"
Hyliola regilla,Positive,Contemporary,"Ensenada, Baja California"
Hyliola regilla,Positive,Contemporary,"Ensenada, Baja California"
Hyliola regilla,Positive,Contemporary,"Ensenada, Baja California"
Hyliola regilla,Positive,Contemporary,"Ensenada, Baja California"
Hyliola regilla,Positive,Contemporary,"Ensenada, Baja California"
Hyliola regilla,Positive,Contemporary,"Ensenada, Baja California"
Hyliola regilla,Positive,Contemporary,"Ensenada, Baja California"
Hyliola regilla,Positive,Contemporary,"Ensenada, Baja California"
Hyliola regilla,Positive,Contemporary,"Ensenada, Baja California"
Hyliola regilla,Positive,Contemporary,"Ensenada, Baja California"
Hyliola regilla,Negative,Contemporary,"Ensenada, Baja California"
Hyliola regilla,Negative,Contemporary,"Ensenada, Baja California"
Hyliola regilla,Negative,Contemporary,"Ensenada, Baja California"
Hyliola regilla,Negative,Contemporary,"Ensenada, Baja California"
Hyliola regilla,Negative,Contemporary,"Ensenada, Baja California"
Hyliola regilla,Positive,Historical,"La Paz, Baja California Sur"
Hyliola regilla,Positive,Historical,"La Paz, Baja California Sur"
Hyliola regilla,Positive,Historical,"La Paz, Baja California Sur"
Hyliola regilla,Negative,Historical,"La Paz, Baja California Sur"
Hyliola regilla,Negative,Historical,"La Paz, Baja California Sur"
Hyliola regilla,Negative,Historical,"La Paz, Baja California Sur"
Hyliola regilla,Positive,Historical,"Los Cabos, Baja California Sur"
Hyliola regilla,Negative,Historical,"Los Cabos, Baja California Sur"
Hyliola regilla,Negative,Historical,"Los Cabos, Baja California Sur"
Hyliola regilla,Negative,Historical,"Mulege, Baja California Sur"
Hypopachus variolosus,Negative,Contemporary,"Atoyac de Alvarez, Guerrero"
Hypopachus variolosus,Negative,Contemporary,"Atoyac de Alvarez, Guerrero"
Hypopachus variolosus,Negative,Contemporary,"Atoyac de Alvarez, Guerrero"
Hypopachus variolosus,Negative,Contemporary,"Atoyac de Alvarez, Guerrero"
Hypopachus variolosus,Negative,Contemporary,"Hermosillo, Sonora"
Hypopachus variolosus,Negative,Contemporary,"Hermosillo, Sonora"
Hypopachus variolosus,Negative,Contemporary,"Hermosillo, Sonora"
Hypopachus variolosus,Negative,Contemporary,"Hermosillo, Sonora"
Incilius alvarius,Negative,Contemporary,"Hermosillo, Sonora"
Incilius canaliferus,Negative,Historical,"Mazatlan, Chiapas"
Incilius marmoreus,Negative,Historical,"Heroica Ciudad de Juchitan de Zaragoza, Oaxaca"
Incilius marmoreus,Negative,Historical,"Heroica Ciudad de Juchitan de Zaragoza, Oaxaca"
Incilius mazatlanensis,Negative,Contemporary,"Hermosillo, Sonora"
Incilius mazatlanensis,Negative,Contemporary,"Hermosillo, Sonora"
Incilius occidentalis,Positive,Historical,"Chilpancingo de los Bravo, Guerrero"
Incilius occidentalis,Positive,Historical,"Chilpancingo de los Bravo, Guerrero"
Incilius sp.,Negative,Contemporary,"Escuintla, Chiapas"
Incilius sp.,Negative,Contemporary,"Maravilla Tenejapa, Chiapas"
Incilius sp.,Negative,Contemporary,"Maravilla Tenejapa, Chiapas"
Incilius sp.,Positive,Contemporary,"Ocozocoautla de Espinosa, Chiapas"
Incilius sp.,Negative,Contemporary,"Ocozocoautla de Espinosa, Chiapas"
Incilius sp.,Negative,Contemporary,"Ocozocoautla de Espinosa, Chiapas"
Incilius sp.,Negative,Contemporary,"Ocozocoautla de Espinosa, Chiapas"
Incilius sp.,Negative,Contemporary,"Villa de Alvarez, Colima"
Incilius sp.,Negative,Contemporary,"Nejapa de Madero, Oaxaca"
Incilius valliceps,Negative,Contemporary,"Tihuatlan, Veracruz de Ignacio de la Llave"
Incilius valliceps,Negative,Contemporary,"Tihuatlan, Veracruz de Ignacio de la Llave"
Incilius valliceps,Negative,Contemporary,"Tihuatlan, Veracruz de Ignacio de la Llave"
Incilius valliceps,Negative,Contemporary,"Tihuatlan, Veracruz de Ignacio de la Llave"
Incilius valliceps,Negative,Contemporary,"Tihuatlan, Veracruz de Ignacio de la Llave"
Incilius valliceps,Negative,Contemporary,"Ursulo Galvan, Veracruz de Ignacio de la Llave"
Incilius valliceps,Negative,Contemporary,"Ursulo Galvan, Veracruz de Ignacio de la Llave"
Incilius valliceps,Negative,Contemporary,"Ursulo Galvan, Veracruz de Ignacio de la Llave"
Incilius valliceps,Negative,Contemporary,"Ursulo Galvan, Veracruz de Ignacio de la Llave"
Incilius valliceps,Negative,Contemporary,"Ursulo Galvan, Veracruz de Ignacio de la Llave"
Incilius valliceps,Negative,Contemporary,"Ursulo Galvan, Veracruz de Ignacio de la Llave"
Incilius valliceps,Negative,Contemporary,"Ursulo Galvan, Veracruz de Ignacio de la Llave"
Incilius valliceps,Negative,Contemporary,"Ursulo Galvan, Veracruz de Ignacio de la Llave"
Incilius valliceps,Negative,Contemporary,"Ursulo Galvan, Veracruz de Ignacio de la Llave"
Incilius valliceps,Negative,Contemporary,"Ursulo Galvan, Veracruz de Ignacio de la Llave"
Isthmura belli,Positive,Historical,"Tlalpan, Ciudad de Mexico"
Isthmura belli,Negative,Historical,"Atoyac de Alvarez, Guerrero"
Isthmura belli,Negative,Historical,"Atoyac de Alvarez, Guerrero"
Isthmura belli,Negative,Historical,"Atoyac de Alvarez, Guerrero"
Isthmura belli,Negative,Historical,"Atoyac de Alvarez, Guerrero"
Isthmura belli,Negative,Historical,"Atoyac de Alvarez, Guerrero"
Isthmura belli,Negative,Historical,"General Canuto A. Neri, Guerrero"
Isthmura belli,Negative,Historical,"Leonardo Bravo, Guerrero"
Isthmura belli,Negative,Historical,"Leonardo Bravo, Guerrero"
Isthmura belli,Positive,Historical,"Tepecoacuilco de Trujano, Guerrero"
Isthmura belli,Positive,Historical,"Tepecoacuilco de Trujano, Guerrero"
Isthmura belli,Positive,Historical,"Tepecoacuilco de Trujano, Guerrero"
Isthmura belli,Negative,Historical,"Tepecoacuilco de Trujano, Guerrero"
Isthmura belli,Negative,Historical,"Tasquillo, Hidalgo"
Isthmura belli,Positive,Historical,"Tasquillo, Hidalgo"
Isthmura belli,Positive,Historical,"Tasquillo, Hidalgo"
Isthmura belli,Positive,Historical,"Tasquillo, Hidalgo"
Isthmura belli,Positive,Historical,"Tasquillo, Hidalgo"
Isthmura belli,Positive,Historical,"Tasquillo, Hidalgo"
Isthmura belli,Negative,Historical,"Tasquillo, Hidalgo"
Isthmura belli,Positive,Historical,"San Gabriel, Jalisco"
Isthmura belli,Negative,Historical,"San Gabriel, Jalisco"
Isthmura belli,Negative,Historical,"San Gabriel, Jalisco"
Isthmura belli,Negative,Historical,"San Gabriel, Jalisco"
Isthmura belli,Negative,Historical,"San Gabriel, Jalisco"
Isthmura belli,Negative,Historical,"San Gabriel, Jalisco"
Isthmura gigantea,Positive,Historical,"Acajete, Veracruz de Ignacio de la Llave"
Isthmura gigantea,Positive,Historical,"Acajete, Veracruz de Ignacio de la Llave"
Isthmura gigantea,Negative,Historical,"Acajete, Veracruz de Ignacio de la Llave"
Isthmura naucampatepetl,Positive,Historical,"Las Vigas de Ramirez, Veracruz de Ignacio de la Llave"
Isthmura naucampatepetl,Positive,Historical,"Las Vigas de Ramirez, Veracruz de Ignacio de la Llave"
Isthmura naucampatepetl,Positive,Historical,"Las Vigas de Ramirez, Veracruz de Ignacio de la Llave"
Leptodactylus melanonotus,Negative,Historical,"Cacahoatan, Chiapas"
Leptodactylus melanonotus,Negative,Historical,"Cacahoatan, Chiapas"
Leptodactylus melanonotus,Positive,Historical,"Jiquipilas, Chiapas"
Leptodactylus melanonotus,Negative,Historical,"Jiquipilas, Chiapas"
Leptodactylus melanonotus,Negative,Historical,"Jiquipilas, Chiapas"
Leptodactylus melanonotus,Negative,Historical,"Tapachula, Chiapas"
Leptodactylus melanonotus,Negative,Historical,"Armeria, Colima"
Leptodactylus melanonotus,Positive,Historical,"Armeria, Colima"
Leptodactylus melanonotus,Positive,Historical,"Armeria, Colima"
Leptodactylus melanonotus,Negative,Historical,"Armeria, Colima"
Leptodactylus melanonotus,Negative,Contemporary,"Comala, Colima"
Leptodactylus melanonotus,Positive,Contemporary,"Comala, Colima"
Leptodactylus melanonotus,Negative,Contemporary,"Comala, Colima"
Leptodactylus melanonotus,Negative,Contemporary,"Comala, Colima"
Leptodactylus melanonotus,Negative,Contemporary,"Comala, Colima"
Leptodactylus melanonotus,Negative,Contemporary,"Comala, Colima"
Leptodactylus melanonotus,Negative,Contemporary,"Comala, Colima"
Leptodactylus melanonotus,Negative,Contemporary,"Comala, Colima"
Leptodactylus melanonotus,Negative,Contemporary,"Comala, Colima"
Leptodactylus melanonotus,Negative,Contemporary,"Comala, Colima"
Leptodactylus melanonotus,Negative,Contemporary,"Comala, Colima"
Leptodactylus melanonotus,Negative,Contemporary,"Comala, Colima"
Leptodactylus melanonotus,Negative,Contemporary,"Comala, Colima"
Leptodactylus melanonotus,Negative,Contemporary,"Comala, Colima"
Leptodactylus melanonotus,Negative,Contemporary,"Comala, Colima"
Leptodactylus melanonotus,Negative,Historical,"Manzanillo, Colima"
Leptodactylus melanonotus,Negative,Historical,"Manzanillo, Colima"
Leptodactylus melanonotus,Negative,Historical,"Manzanillo, Colima"
Leptodactylus melanonotus,Positive,Historical,"Manzanillo, Colima"
Leptodactylus melanonotus,Negative,Historical,"Manzanillo, Colima"
Leptodactylus melanonotus,Negative,Historical,"Manzanillo, Colima"
Leptodactylus melanonotus,Negative,Historical,"Manzanillo, Colima"
Leptodactylus melanonotus,Negative,Historical,"Acapulco de Juarez, Guerrero"
Leptodactylus melanonotus,Negative,Historical,"Acapulco de Juarez, Guerrero"
Leptodactylus melanonotus,Negative,Contemporary,"Atoyac de Alvarez, Guerrero"
Leptodactylus melanonotus,Negative,Contemporary,"Atoyac de Alvarez, Guerrero"
Leptodactylus melanonotus,Negative,Contemporary,"Atoyac de Alvarez, Guerrero"
Leptodactylus melanonotus,Positive,Contemporary,"Atoyac de Alvarez, Guerrero"
Leptodactylus melanonotus,Positive,Contemporary,"Atoyac de Alvarez, Guerrero"
Leptodactylus melanonotus,Negative,Historical,"Cuautitlan de Garcia Barragan, Jalisco"
Leptodactylus melanonotus,Negative,Historical,"San Martin Hidalgo, Jalisco"
Leptodactylus melanonotus,Negative,Historical,"San Martin Hidalgo, Jalisco"
Leptodactylus melanonotus,Negative,Historical,"San Martin Hidalgo, Jalisco"
Leptodactylus melanonotus,Negative,Historical,"San Martin Hidalgo, Jalisco"
Leptodactylus melanonotus,Negative,Historical,"San Martin Hidalgo, Jalisco"
Leptodactylus melanonotus,Negative,Historical,"San Blas, Nayarit"
Leptodactylus melanonotus,Positive,Historical,"San Blas, Nayarit"
Leptodactylus melanonotus,Positive,Historical,"San Blas, Nayarit"
Leptodactylus melanonotus,Negative,Historical,"San Blas, Nayarit"
Leptodactylus melanonotus,Negative,Historical,"San Blas, Nayarit"
Leptodactylus melanonotus,Negative,Historical,"San Blas, Nayarit"
Leptodactylus melanonotus,Negative,Historical,"San Blas, Nayarit"
Leptodactylus melanonotus,Negative,Historical,"San Blas, Nayarit"
Leptodactylus melanonotus,Negative,Historical,"San Blas, Nayarit"
Leptodactylus melanonotus,Negative,Historical,"San Blas, Nayarit"
Leptodactylus melanonotus,Negative,Historical,"San Pedro Tapanatepec, Oaxaca"
Leptodactylus melanonotus,Negative,Historical,"San Pedro Tapanatepec, Oaxaca"
Leptodactylus melanonotus,Negative,Historical,"San Pedro Tapanatepec, Oaxaca"
Leptodactylus melanonotus,Negative,Historical,"San Pedro Tapanatepec, Oaxaca"
Leptodactylus melanonotus,Negative,Historical,"San Pedro Tapanatepec, Oaxaca"
Leptodactylus melanonotus,Negative,Historical,"Culiacan, Sinaloa"
Leptodactylus melanonotus,Negative,Historical,"Guasave, Sinaloa"
Leptodactylus melanonotus,Negative,Historical,"Guasave, Sinaloa"
Leptodactylus melanonotus,Negative,Contemporary,"Alamos, Sonora"
Leptodactylus melanonotus,Negative,Contemporary,"Alamos, Sonora"
Leptodactylus melanonotus,Negative,Contemporary,"Alamos, Sonora"
Leptodactylus melanonotus,Negative,Historical,"Alamos, Sonora"
Leptodactylus melanonotus,Negative,Historical,"Alamos, Sonora"
Leptodactylus melanonotus,Negative,Historical,"Alamos, Sonora"
Leptodactylus melanonotus,Negative,Historical,"Alamos, Sonora"
Leptodactylus melanonotus,Negative,Contemporary,"Alamos, Sonora"
Leptodactylus melanonotus,Positive,Historical,"Alamos, Sonora"
Leptodactylus melanonotus,Positive,Historical,"Alamos, Sonora"
Leptodactylus melanonotus,Negative,Historical,"Alamos, Sonora"
Leptodactylus melanonotus,Negative,Historical,"Alamos, Sonora"
Leptodactylus melanonotus,Negative,Historical,"Hermosillo, Sonora"
Leptodactylus melanonotus,Negative,Contemporary,"Tepetzintla, Veracruz de Ignacio de la Llave"
Leptodactylus melanonotus,Negative,Contemporary,"Tepetzintla, Veracruz de Ignacio de la Llave"
Leptodactylus melanonotus,Negative,Contemporary,"Tihuatlan, Veracruz de Ignacio de la Llave"
Leptodactylus melanonotus,Negative,Contemporary,"Tihuatlan, Veracruz de Ignacio de la Llave"
Leptodactylus melanonotus,Negative,Contemporary,"Tihuatlan, Veracruz de Ignacio de la Llave"
Leptodactylus melanonotus,Negative,Contemporary,"Tihuatlan, Veracruz de Ignacio de la Llave"
Leptodactylus melanonotus,Negative,Contemporary,"Tihuatlan, Veracruz de Ignacio de la Llave"
Leptodactylus melanonotus,Negative,Contemporary,"Tihuatlan, Veracruz de Ignacio de la Llave"
Leptodactylus melanonotus,Negative,Contemporary,"Tihuatlan, Veracruz de Ignacio de la Llave"
Leptodactylus melanonotus,Negative,Contemporary,"Tihuatlan, Veracruz de Ignacio de la Llave"
Leptodactylus melanonotus,Negative,Contemporary,"Tihuatlan, Veracruz de Ignacio de la Llave"
Leptodactylus melanonotus,Negative,Contemporary,"Ursulo Galvan, Veracruz de Ignacio de la Llave"
Leptodactylus melanonotus,Negative,Contemporary,"Ursulo Galvan, Veracruz de Ignacio de la Llave"
Leptodactylus melanonotus,Negative,Contemporary,"Ursulo Galvan, Veracruz de Ignacio de la Llave"
Leptodactylus melanonotus,Negative,Contemporary,"Ursulo Galvan, Veracruz de Ignacio de la Llave"
Leptodactylus melanonotus,Negative,Contemporary,"Ursulo Galvan, Veracruz de Ignacio de la Llave"
Leptodactylus melanonotus,Negative,Contemporary,"Ursulo Galvan, Veracruz de Ignacio de la Llave"
Leptodactylus melanonotus,Negative,Contemporary,"Ursulo Galvan, Veracruz de Ignacio de la Llave"
Leptodactylus melanonotus,Negative,Contemporary,"Ursulo Galvan, Veracruz de Ignacio de la Llave"
Lithobates berlandieri,Positive,Contemporary,"Jacala de Ledezma, Hidalgo"
Lithobates berlandieri,Positive,Contemporary,"Jacala de Ledezma, Hidalgo"
Lithobates berlandieri,Negative,Historical,"Gomez Farias, Tamaulipas"
Lithobates berlandieri,Negative,Contemporary,"Gomez Farias, Tamaulipas"
Lithobates berlandieri,Negative,Contemporary,"Gomez Farias, Tamaulipas"
Lithobates berlandieri,Positive,Contemporary,"Ixtaczoquitlan, Veracruz de Ignacio de la Llave"
Lithobates berlandieri,Negative,Contemporary,"Ixtaczoquitlan, Veracruz de Ignacio de la Llave"
Lithobates berlandieri,Negative,Contemporary,"Ixtaczoquitlan, Veracruz de Ignacio de la Llave"
Lithobates catesbeiana,Negative,Contemporary,"Tepetzintla, Veracruz de Ignacio de la Llave"
Lithobates catesbeiana,Negative,Contemporary,"Tepetzintla, Veracruz de Ignacio de la Llave"
Lithobates catesbeiana,Negative,Contemporary,"Tepetzintla, Veracruz de Ignacio de la Llave"
Lithobates catesbeiana,Negative,Contemporary,"Tepetzintla, Veracruz de Ignacio de la Llave"
Lithobates catesbeiana,Positive,Contemporary,"Tepetzintla, Veracruz de Ignacio de la Llave"
Lithobates catesbeiana,Negative,Contemporary,"Tihuatlan, Veracruz de Ignacio de la Llave"
Lithobates maculatus,Negative,Historical,"Cacahoatan, Chiapas"
Lithobates maculatus,Negative,Historical,"Cacahoatan, Chiapas"
Lithobates maculatus,Negative,Historical,"Cacahoatan, Chiapas"
Lithobates maculatus,Negative,Historical,"Cacahoatan, Chiapas"
Lithobates maculatus,Negative,Historical,"Cacahoatan, Chiapas"
Lithobates maculatus,Negative,Historical,"Cacahoatan, Chiapas"
Lithobates maculatus,Positive,Historical,"Escuintla, Chiapas"
Lithobates maculatus,Negative,Historical,"Ixtapa, Chiapas"
Lithobates maculatus,Negative,Historical,"Ixtapa, Chiapas"
Lithobates maculatus,Negative,Historical,"Ixtapa, Chiapas"
Lithobates maculatus,Negative,Historical,"Ixtapa, Chiapas"
Lithobates maculatus,Negative,Historical,"Tapachula, Chiapas"
Lithobates maculatus,Negative,Contemporary,"Santa Maria Chimalapa, Oaxaca"
Lithobates maculatus,Negative,Contemporary,"Santa Maria Chimalapa, Oaxaca"
Lithobates maculatus,Negative,Contemporary,"Santa Maria Chimalapa, Oaxaca"
Lithobates magnaocularis,Negative,Historical,"Santa Maria del Oro, Nayarit"
Lithobates magnaocularis,Negative,Historical,"Santa Mar?â?¡a del Oro, Nayarit"
Lithobates magnaocularis,Positive,Historical,"Ahome, Sinaloa"
Lithobates magnaocularis,Negative,Historical,"Ahome, Sinaloa"
Lithobates magnaocularis,Negative,Historical,"Ahome, Sinaloa"
Lithobates magnaocularis,Negative,Historical,"Ahome, Sinaloa"
Lithobates magnaocularis,Negative,Historical,"Ahome, Sinaloa"
Lithobates magnaocularis,Negative,Contemporary,"Guaymas, Sonora"
Lithobates magnaocularis,Negative,Contemporary,"Guaymas, Sonora"
Lithobates magnaocularis,Negative,Contemporary,"Guaymas, Sonora"
Lithobates magnaocularis,Negative,Contemporary,"Guaymas, Sonora"
Lithobates magnaocularis,Negative,Contemporary,"Guaymas, Sonora"
Lithobates magnaocularis,Negative,Contemporary,"Guaymas, Sonora"
Lithobates magnaocularis,Negative,Contemporary,"Guaymas, Sonora"
Lithobates magnaocularis,Negative,Contemporary,"Guaymas, Sonora"
Lithobates magnaocularis,Negative,Contemporary,"Hermosillo, Sonora"
Lithobates magnaocularis,Negative,Contemporary,"Hermosillo, Sonora"
Lithobates magnaocularis,Negative,Contemporary,"Hermosillo, Sonora"
Lithobates magnaocularis,Negative,Contemporary,"Hermosillo, Sonora"
Lithobates magnaocularis,Negative,Contemporary,"San Miguel de Horcasitas, Sonora"
Lithobates magnaocularis,Negative,Contemporary,"San Miguel de Horcasitas, Sonora"
Lithobates montezumae,Positive,Historical,"Calvillo, Aguascalientes"
Lithobates montezumae,Negative,Contemporary,"Coyoacan, Ciudad de Mexico"
Lithobates montezumae,Negative,Contemporary,"Coyoacan, Ciudad de Mexico"
Lithobates montezumae,Positive,Contemporary,"Coyoacan, Ciudad de Mexico"
Lithobates montezumae,Positive,Contemporary,"Coyoacan, Ciudad de Mexico"
Lithobates montezumae,Negative,Contemporary,"Coyoacan, Ciudad de Mexico"
Lithobates montezumae,Positive,Contemporary,"Coyoacan, Ciudad de Mexico"
Lithobates montezumae,Positive,Contemporary,"Coyoacan, Ciudad de Mexico"
Lithobates montezumae,Negative,Contemporary,"Coyoacan, Ciudad de Mexico"
Lithobates montezumae,Positive,Contemporary,"Coyoacan, Ciudad de Mexico"
Lithobates montezumae,Negative,Contemporary,"Coyoacan, Ciudad de Mexico"
Lithobates montezumae,Positive,Historical,"Tonala, Jalisco"
Lithobates montezumae,Positive,Historical,"Tonala, Jalisco"
Lithobates montezumae,Negative,Historical,"Tonala, Jalisco"
Lithobates montezumae,Negative,Historical,"Tonala, Jalisco"
Lithobates montezumae,Positive,Contemporary,"Almoloya de Juarez, Mexico"
Lithobates montezumae,Negative,Contemporary,"San Jose del Rincon, Mexico"
Lithobates montezumae,Positive,Contemporary,"San Jose del Rincon, Mexico"
Lithobates montezumae,Positive,Contemporary,"San Jose del Rincon, Mexico"
Lithobates montezumae,Positive,Historical,"Toluca, Mexico"
Lithobates montezumae,Negative,Historical,"Toluca, Mexico"
Lithobates montezumae,Negative,Historical,"Toluca, Mexico"
Lithobates neovolcanicus,Positive,Contemporary,"Comala, Colima"
Lithobates neovolcanicus,Negative,Contemporary,"Comala, Colima"
Lithobates neovolcanicus,Positive,Contemporary,"Comala, Colima"
Lithobates neovolcanicus,Positive,Contemporary,"Guanajuato, Guanajuato"
Lithobates neovolcanicus,Positive,Contemporary,"Guanajuato, Guanajuato"
Lithobates neovolcanicus,Negative,Contemporary,"Guanajuato, Guanajuato"
Lithobates neovolcanicus,Negative,Contemporary,"Guanajuato, Guanajuato"
Lithobates neovolcanicus,Positive,Contemporary,"Guanajuato, Guanajuato"
Lithobates neovolcanicus,Negative,Contemporary,"Guanajuato, Guanajuato"
Lithobates neovolcanicus,Positive,Contemporary,"Guanajuato, Guanajuato"
Lithobates neovolcanicus,Positive,Contemporary,"Guanajuato, Guanajuato"
Lithobates neovolcanicus,Positive,Contemporary,"Guanajuato, Guanajuato"
Lithobates neovolcanicus,Negative,Contemporary,"Guanajuato, Guanajuato"
Lithobates neovolcanicus,Negative,Contemporary,"Guanajuato, Guanajuato"
Lithobates neovolcanicus,Positive,Contemporary,"Guanajuato, Guanajuato"
Lithobates neovolcanicus,Positive,Historical,"Morelia, Michoacan de Ocampo"
Lithobates neovolcanicus,Positive,Contemporary,"Morelia, Michoacan de Ocampo"
Lithobates neovolcanicus,Positive,Contemporary,"Morelia, Michoacan de Ocampo"
Lithobates neovolcanicus,Positive,Contemporary,"Morelia, Michoacan de Ocampo"
Lithobates neovolcanicus,Positive,Contemporary,"Morelia, Michoacan de Ocampo"
Lithobates neovolcanicus,Positive,Contemporary,"Morelia, Michoacan de Ocampo"
Lithobates neovolcanicus,Positive,Contemporary,"Morelia, Michoacan de Ocampo"
Lithobates neovolcanicus,Positive,Contemporary,"Morelia, Michoacan de Ocampo"
Lithobates neovolcanicus,Positive,Contemporary,"Morelia, Michoacan de Ocampo"
Lithobates neovolcanicus,Positive,Contemporary,"Morelia, Michoacan de Ocampo"
Lithobates neovolcanicus,Positive,Contemporary,"Morelia, Michoacan de Ocampo"
Lithobates neovolcanicus,Positive,Contemporary,"Morelia, Michoacan de Ocampo"
Lithobates neovolcanicus,Negative,Contemporary,"Morelia, Michoacan de Ocampo"
Lithobates neovolcanicus,Negative,Contemporary,"Morelia, Michoacan de Ocampo"
Lithobates neovolcanicus,Negative,Contemporary,"Morelia, Michoacan de Ocampo"
Lithobates neovolcanicus,Negative,Contemporary,"Morelia, Michoacan de Ocampo"
Lithobates neovolcanicus,Negative,Contemporary,"Morelia, Michoacan de Ocampo"
Lithobates neovolcanicus,Negative,Contemporary,"Morelia, Michoacan de Ocampo"
Lithobates neovolcanicus,Negative,Contemporary,"Morelia, Michoacan de Ocampo"
Lithobates neovolcanicus,Negative,Contemporary,"Morelia, Michoacan de Ocampo"
Lithobates neovolcanicus,Negative,Contemporary,"Morelia, Michoacan de Ocampo"
Lithobates neovolcanicus,Negative,Contemporary,"Morelia, Michoacan de Ocampo"
Lithobates neovolcanicus,Negative,Contemporary,"Morelia, Michoacan de Ocampo"
Lithobates neovolcanicus,Negative,Contemporary,"Morelia, Michoacan de Ocampo"
Lithobates neovolcanicus,Negative,Contemporary,"Morelia, Michoacan de Ocampo"
Lithobates neovolcanicus,Negative,Contemporary,"Morelia, Michoacan de Ocampo"
Lithobates neovolcanicus,Negative,Contemporary,"Morelia, Michoacan de Ocampo"
Lithobates neovolcanicus,Negative,Contemporary,"Morelia, Michoacan de Ocampo"
Lithobates neovolcanicus,Negative,Contemporary,"Morelia, Michoacan de Ocampo"
Lithobates neovolcanicus,Negative,Contemporary,"Morelia, Michoacan de Ocampo"
Lithobates neovolcanicus,Negative,Contemporary,"Morelia, Michoacan de Ocampo"
Lithobates neovolcanicus,Negative,Contemporary,"Morelia, Michoacan de Ocampo"
Lithobates neovolcanicus,Negative,Contemporary,"Morelia, Michoacan de Ocampo"
Lithobates neovolcanicus,Negative,Contemporary,"Morelia, Michoacan de Ocampo"
Lithobates neovolcanicus,Negative,Contemporary,"Morelia, Michoacan de Ocampo"
Lithobates neovolcanicus,Negative,Contemporary,"Morelia, Michoacan de Ocampo"
Lithobates neovolcanicus,Negative,Contemporary,"Morelia, Michoacan de Ocampo"
Lithobates neovolcanicus,Negative,Contemporary,"Morelia, Michoacan de Ocampo"
Lithobates neovolcanicus,Negative,Contemporary,"Morelia, Michoacan de Ocampo"
Lithobates neovolcanicus,Negative,Contemporary,"Morelia, Michoacan de Ocampo"
Lithobates neovolcanicus,Negative,Contemporary,"Morelia, Michoacan de Ocampo"
Lithobates neovolcanicus,Negative,Contemporary,"Morelia, Michoacan de Ocampo"
Lithobates neovolcanicus,Negative,Contemporary,"Morelia, Michoacan de Ocampo"
Lithobates neovolcanicus,Negative,Contemporary,"Morelia, Michoacan de Ocampo"
Lithobates neovolcanicus,Negative,Contemporary,"Morelia, Michoacan de Ocampo"
Lithobates neovolcanicus,Negative,Contemporary,"Morelia, Michoacan de Ocampo"
Lithobates neovolcanicus,Positive,Historical,"Morelia, Michoacan de Ocampo"
Lithobates sierramadrensis,Positive,Contemporary,"Atoyac de Alvarez, Guerrero"
Lithobates sierramadrensis,Positive,Contemporary,"Atoyac de Alvarez, Guerrero"
Lithobates sp.,Negative,Contemporary,"Maravilla Tenejapa, Chiapas"
Lithobates sp.,Negative,Contemporary,"Ocozocoautla de Espinosa, Chiapas"
Lithobates sp.,Negative,Contemporary,"Nejapa de Madero, Oaxaca"
Lithobates sp.,Negative,Contemporary,"Nejapa de Madero, Oaxaca"
Lithobates sp.,Negative,Contemporary,"Nejapa de Madero, Oaxaca"
Lithobates sp.,Positive,Contemporary,"Landa de Matamoros, Queretaro"
Lithobates sp.,Positive,Contemporary,"Ciudad del Ma?â?¡z, San Luis Potosi"
Lithobates sp.,Negative,Contemporary,"Tepetzintla, Veracruz de Ignacio de la Llave"
Lithobates sp.,Negative,Contemporary,"Tepetzintla, Veracruz de Ignacio de la Llave"
Lithobates sp.,Negative,Contemporary,"Tepetzintla, Veracruz de Ignacio de la Llave"
Lithobates sp.,Negative,Contemporary,"Tepetzintla, Veracruz de Ignacio de la Llave"
Lithobates sp.,Negative,Contemporary,"Tepetzintla, Veracruz de Ignacio de la Llave"
Lithobates sp.,Negative,Contemporary,"Tepetzintla, Veracruz de Ignacio de la Llave"
Lithobates spectabilis,Positive,Historical,"Peñamiller, Queretaro"
Lithobates spectabilis,Negative,Historical,"Peñamiller, Queretaro"
Parvimolge townsendi,Negative,Historical,"Fortin, Veracruz de Ignacio de la Llave"
Parvimolge townsendi,Negative,Historical,"Huatusco, Veracruz de Ignacio de la Llave"
Parvimolge townsendi,Negative,Historical,"Huatusco, Veracruz de Ignacio de la Llave"
Parvimolge townsendi,Negative,Historical,"Huatusco, Veracruz de Ignacio de la Llave"
Parvimolge townsendi,Negative,Historical,"Ixtaczoquitlan, Veracruz de Ignacio de la Llave"
Parvimolge townsendi,Negative,Historical,"Ixtaczoquitlan, Veracruz de Ignacio de la Llave"
Plectrohyla matudai,Negative,Contemporary,"La Concordia, Chiapas"
Plectrohyla matudai,Negative,Contemporary,"La Concordia, Chiapas"
Plectrohyla matudai,Positive,Contemporary,"La Concordia, Chiapas"
Plectrohyla matudai,Negative,Contemporary,"La Concordia, Chiapas"
Plectrohyla matudai,Negative,Contemporary,"La Concordia, Chiapas"
Plectrohyla matudai,Negative,Contemporary,"La Concordia, Chiapas"
Plectrohyla matudai,Negative,Contemporary,"La Concordia, Chiapas"
Plectrohyla matudai,Negative,Contemporary,"La Concordia, Chiapas"
Plectrohyla matudai,Negative,Contemporary,"La Concordia, Chiapas"
Plectrohyla matudai,Negative,Contemporary,"La Concordia, Chiapas"
Plectrohyla matudai,Negative,Contemporary,"La Concordia, Chiapas"
Plectrohyla matudai,Negative,Contemporary,"La Concordia, Chiapas"
Plectrohyla matudai,Positive,Contemporary,"Union Juarez, Chiapas"
Plectrohyla matudai,Negative,Contemporary,"Union Juarez, Chiapas"
Plectrohyla sagorum,Positive,Contemporary,"Union Juarez, Chiapas"
Pseudoeuruycea leprosa,Negative,Contemporary,"Villa Aldama, Veracruz de Ignacio de la Llave"
Pseudoeuruycea leprosa,Negative,Contemporary,"Villa Aldama, Veracruz de Ignacio de la Llave"
Pseudoeuruycea leprosa,Negative,Contemporary,"Villa Aldama, Veracruz de Ignacio de la Llave"
Pseudoeuruycea leprosa,Negative,Contemporary,"Villa Aldama, Veracruz de Ignacio de la Llave"
Pseudoeuruycea leprosa,Negative,Contemporary,"Villa Aldama, Veracruz de Ignacio de la Llave"
Pseudoeuruycea leprosa,Negative,Contemporary,"Villa Aldama, Veracruz de Ignacio de la Llave"
Pseudoeuruycea leprosa,Negative,Contemporary,"Villa Aldama, Veracruz de Ignacio de la Llave"
Pseudoeuruycea leprosa,Negative,Contemporary,"Villa Aldama, Veracruz de Ignacio de la Llave"
Pseudoeuruycea leprosa,Negative,Contemporary,"Villa Aldama, Veracruz de Ignacio de la Llave"
Pseudoeuruycea leprosa,Negative,Contemporary,"Villa Aldama, Veracruz de Ignacio de la Llave"
Pseudoeuruycea leprosa,Negative,Contemporary,"Villa Aldama, Veracruz de Ignacio de la Llave"
Pseudoeuruycea leprosa,Negative,Contemporary,"Villa Aldama, Veracruz de Ignacio de la Llave"
Pseudoeuruycea leprosa,Negative,Contemporary,"Villa Aldama, Veracruz de Ignacio de la Llave"
Pseudoeuruycea leprosa,Negative,Contemporary,"Villa Aldama, Veracruz de Ignacio de la Llave"
Pseudoeuruycea leprosa,Negative,Contemporary,"Villa Aldama, Veracruz de Ignacio de la Llave"
Pseudoeurycea anitae,Negative,Historical,"San Vicente Lachixio, Oaxaca"
Pseudoeurycea anitae,Negative,Historical,"San Vicente Lachixio, Oaxaca"
Pseudoeurycea anitae,Negative,Historical,"San Vicente Lachixio, Oaxaca"
Pseudoeurycea aquatica,Negative,Historical,"Totontepec Villa de Morelos, Oaxaca"
Pseudoeurycea firscheini,Positive,Historical,"Acultzingo, Veracruz de Ignacio de la Llave"
Pseudoeurycea juarezi,Negative,Historical,"San Pablo Macuiltianguis, Oaxaca"
Pseudoeurycea juarezi,Negative,Historical,"San Pablo Macuiltianguis, Oaxaca"
Pseudoeurycea juarezi,Negative,Historical,"San Pablo Macuiltianguis, Oaxaca"
Pseudoeurycea juarezi,Positive,Historical,"San Pablo Macuiltianguis, Oaxaca"
Pseudoeurycea juarezi,Positive,Historical,"San Pablo Macuiltianguis, Oaxaca"
Pseudoeurycea juarezi,Negative,Historical,"San Pablo Macuiltianguis, Oaxaca"
Pseudoeurycea juarezi,Negative,Historical,"San Pablo Macuiltianguis, Oaxaca"
Pseudoeurycea juarezi,Negative,Historical,"San Pablo Macuiltianguis, Oaxaca"
Pseudoeurycea juarezi,Negative,Historical,"San Pablo Macuiltianguis, Oaxaca"
Pseudoeurycea juarezi,Negative,Historical,"San Pablo Macuiltianguis, Oaxaca"
Pseudoeurycea juarezi,Negative,Historical,"San Pablo Macuiltianguis, Oaxaca"
Pseudoeurycea juarezi,Positive,Historical,"San Pablo Macuiltianguis, Oaxaca"
Pseudoeurycea juarezi,Negative,Historical,"San Pablo Macuiltianguis, Oaxaca"
Pseudoeurycea juarezi,Negative,Historical,"Santa Maria Jaltianguis, Oaxaca"
Pseudoeurycea juarezi,Negative,Historical,"Santa Maria Jaltianguis, Oaxaca"
Pseudoeurycea juarezi,Negative,Historical,"Santa Maria Jaltianguis, Oaxaca"
Pseudoeurycea juarezi,Positive,Historical,"Santa Maria Tlahuitoltepec, Oaxaca"
Pseudoeurycea juarezi,Negative,Historical,"Santa Maria Tlahuitoltepec, Oaxaca"
Pseudoeurycea juarezi,Negative,Historical,"Santa Maria Tlahuitoltepec, Oaxaca"
Pseudoeurycea juarezi,Negative,Historical,"Santa Maria Tlahuitoltepec, Oaxaca"
Pseudoeurycea juarezi,Negative,Historical,"Santa Maria Tlahuitoltepec, Oaxaca"
Pseudoeurycea juarezi,Negative,Historical,"Santa Maria Tlahuitoltepec, Oaxaca"
Pseudoeurycea juarezi,Negative,Historical,"Santiago Comaltepec, Oaxaca"
Pseudoeurycea juarezi,Positive,Historical,"Santiago Comaltepec, Oaxaca"
Pseudoeurycea juarezi,Negative,Historical,"Santiago Comaltepec, Oaxaca"
Pseudoeurycea juarezi,Negative,Historical,"Santiago Comaltepec, Oaxaca"
Pseudoeurycea juarezi,Negative,Historical,"Santiago Comaltepec, Oaxaca"
Pseudoeurycea juarezi,Negative,Historical,"Santiago Comaltepec, Oaxaca"
Pseudoeurycea juarezi,Negative,Historical,"Santiago Comaltepec, Oaxaca"
Pseudoeurycea juarezi,Negative,Historical,"Santiago Comaltepec, Oaxaca"
Pseudoeurycea juarezi,Negative,Historical,"Santiago Comaltepec, Oaxaca"
Pseudoeurycea juarezi,Negative,Historical,"Totontepec Villa de Morelos, Oaxaca"
Pseudoeurycea juarezi,Negative,Historical,"Totontepec Villa de Morelos, Oaxaca"
Pseudoeurycea juarezi,Negative,Historical,"Villa Diaz Ordaz, Oaxaca"
Pseudoeurycea leprosa,Positive,Historical,"Ixtapaluca, Mexico"
Pseudoeurycea leprosa,Negative,Historical,"Ixtapaluca, Mexico"
Pseudoeurycea leprosa,Negative,Historical,"Ixtapaluca, Mexico"
Pseudoeurycea leprosa,Negative,Historical,"Ixtapaluca, Mexico"
Pseudoeurycea leprosa,Negative,Historical,"Ixtapaluca, Mexico"
Pseudoeurycea leprosa,Positive,Historical,"Ixtapaluca, Mexico"
Pseudoeurycea leprosa,Negative,Historical,"Ixtapaluca, Mexico"
Pseudoeurycea leprosa,Negative,Historical,"Ixtapaluca, Mexico"
Pseudoeurycea leprosa,Positive,Historical,"Ixtapaluca, Mexico"
Pseudoeurycea leprosa,Negative,Historical,"Ixtapaluca, Mexico"
Pseudoeurycea leprosa,Negative,Historical,"Ixtapaluca, Mexico"
Pseudoeurycea leprosa,Negative,Historical,"Ixtapaluca, Mexico"
Pseudoeurycea leprosa,Negative,Historical,"Ixtapaluca, Mexico"
Pseudoeurycea leprosa,Negative,Historical,"Ixtapaluca, Mexico"
Pseudoeurycea leprosa,Negative,Historical,"Ixtapaluca, Mexico"
Pseudoeurycea leprosa,Negative,Historical,"Ixtapaluca, Mexico"
Pseudoeurycea leprosa,Positive,Historical,"Tetela del Volcan, Morelos"
Pseudoeurycea leprosa,Negative,Historical,"Tetela del Volcan, Morelos"
Pseudoeurycea leprosa,Negative,Historical,"Tetela del Volcan, Morelos"
Pseudoeurycea leprosa,Negative,Historical,"Tetela del Volcan, Morelos"
Pseudoeurycea leprosa,Negative,Historical,"Tetela del Volcan, Morelos"
Pseudoeurycea leprosa,Negative,Historical,"Tetela del Volcan, Morelos"
Pseudoeurycea leprosa,Negative,Historical,"Tetela del Volcan, Morelos"
Pseudoeurycea leprosa,Negative,Historical,"Tetela del Volcan, Morelos"
Pseudoeurycea leprosa,Positive,Historical,"Tochimilco, Puebla"
Pseudoeurycea leprosa,Negative,Historical,"Tochimilco, Puebla"
Pseudoeurycea leprosa,Negative,Historical,"Tochimilco, Puebla"
Pseudoeurycea leprosa,Negative,Historical,"Tochimilco, Puebla"
Pseudoeurycea leprosa,Negative,Historical,"Tochimilco, Puebla"
Pseudoeurycea leprosa,Negative,Historical,"Tochimilco, Puebla"
Pseudoeurycea leprosa,Negative,Historical,"Tochimilco, Puebla"
Pseudoeurycea melanomolga,Negative,Historical,"Las Vigas de Ramirez, Veracruz de Ignacio de la Llave"
Pseudoeurycea mixcoatl,Negative,Historical,"Leonardo Bravo, Guerrero"
Pseudoeurycea mixcoatl,Negative,Historical,"Leonardo Bravo, Guerrero"
Pseudoeurycea mixcoatl,Negative,Historical,"Leonardo Bravo, Guerrero"
Pseudoeurycea mixcoatl,Negative,Historical,"Leonardo Bravo, Guerrero"
Pseudoeurycea mixcoatl,Negative,Historical,"Leonardo Bravo, Guerrero"
Pseudoeurycea mixcoatl,Negative,Historical,"Leonardo Bravo, Guerrero"
Pseudoeurycea mixcoatl,Negative,Historical,"Leonardo Bravo, Guerrero"
Pseudoeurycea mixcoatl,Negative,Historical,"Leonardo Bravo, Guerrero"
Pseudoeurycea mixcoatl,Negative,Historical,"Leonardo Bravo, Guerrero"
Pseudoeurycea mixcoatl,Negative,Historical,"Leonardo Bravo, Guerrero"
Pseudoeurycea mixcoatl,Negative,Historical,"Leonardo Bravo, Guerrero"
Pseudoeurycea mixcoatl,Negative,Historical,"Leonardo Bravo, Guerrero"
Pseudoeurycea mixcoatl,Negative,Historical,"Leonardo Bravo, Guerrero"
Pseudoeurycea mystax,Negative,Historical,"San Pedro y San Pablo Ayutla, Oaxaca"
Pseudoeurycea mystax,Negative,Historical,"San Pedro y San Pablo Ayutla, Oaxaca"
Pseudoeurycea mystax,Negative,Historical,"San Pedro y San Pablo Ayutla, Oaxaca"
Pseudoeurycea mystax,Negative,Historical,"San Pedro y San Pablo Ayutla, Oaxaca"
Pseudoeurycea mystax,Negative,Historical,"San Pedro y San Pablo Ayutla, Oaxaca"
Pseudoeurycea nigromaculata,Negative,Historical,"Ixtaczoquitlan, Veracruz de Ignacio de la Llave"
Pseudoeurycea nigromaculata,Negative,Historical,"Ixtaczoquitlan, Veracruz de Ignacio de la Llave"
Pseudoeurycea nigromaculata,Negative,Historical,"Ixtaczoquitlan, Veracruz de Ignacio de la Llave"
Pseudoeurycea nigromaculata,Positive,Historical,"Ixtaczoquitlan, Veracruz de Ignacio de la Llave"
Pseudoeurycea nigromaculata,Negative,Historical,"Ixtaczoquitlan, Veracruz de Ignacio de la Llave"
Pseudoeurycea nigromaculata,Positive,Historical,"Ixtaczoquitlan, Veracruz de Ignacio de la Llave"
Pseudoeurycea nigromaculata,Positive,Historical,"Ixtaczoquitlan, Veracruz de Ignacio de la Llave"
Pseudoeurycea nigromaculata,Positive,Historical,"Ixtaczoquitlan, Veracruz de Ignacio de la Llave"
Pseudoeurycea nigromaculata,Negative,Historical,"Ixtaczoquitlan, Veracruz de Ignacio de la Llave"
Pseudoeurycea nigromaculata,Negative,Historical,"Ixtaczoquitlan, Veracruz de Ignacio de la Llave"
Pseudoeurycea rex,Negative,Historical,"Siltepec, Chiapas"
Pseudoeurycea rex,Positive,Historical,"Siltepec, Chiapas"
Pseudoeurycea rex,Positive,Historical,"Siltepec, Chiapas"
Pseudoeurycea rex,Negative,Historical,"Siltepec, Chiapas"
Pseudoeurycea smithi,Positive,Historical,"Nuevo Zoquiapam, Oaxaca"
Ptychochyla zophodes,Negative,Contemporary,"San Felipe Usila, Oaxaca"
Ptychochyla zophodes,Negative,Contemporary,"San Felipe Usila, Oaxaca"
Ptychochyla zophodes,Negative,Contemporary,"San Felipe Usila, Oaxaca"
Ptychochyla zophodes,Negative,Contemporary,"San Felipe Usila, Oaxaca"
Ptychochyla zophodes,Negative,Contemporary,"San Felipe Usila, Oaxaca"
Ptychochyla zophodes,Positive,Contemporary,"San Felipe Usila, Oaxaca"
Ptychochyla zophodes,Negative,Contemporary,"San Felipe Usila, Oaxaca"
Ptychochyla zophodes,Negative,Contemporary,"San Felipe Usila, Oaxaca"
Ptychohyla euthysanota,Negative,Contemporary,"La Concordia, Chiapas"
Ptychohyla euthysanota,Negative,Contemporary,"La Concordia, Chiapas"
Ptychohyla euthysanota,Negative,Contemporary,"La Concordia, Chiapas"
Ptychohyla euthysanota,Negative,Contemporary,"La Concordia, Chiapas"
Ptychohyla euthysanota,Negative,Contemporary,"La Concordia, Chiapas"
Ptychohyla euthysanota,Negative,Contemporary,"La Concordia, Chiapas"
Ptychohyla euthysanota,Positive,Contemporary,"La Concordia, Chiapas"
Ptychohyla euthysanota,Negative,Contemporary,"La Concordia, Chiapas"
Ptychohyla euthysanota,Negative,Contemporary,"Ocozocoautla de Espinosa, Chiapas"
Ptychohyla leonhardschultzei,Negative,Contemporary,"Atoyac de Alvarez, Guerrero"
Ptychohyla leonhardschultzei,Negative,Contemporary,"San Agustin Loxicha, Oaxaca"
Ptychohyla leonhardschultzei,Negative,Contemporary,"San Agustin Loxicha, Oaxaca"
Ptychohyla sp.,Positive,Contemporary,"San Miguel Quetzaltepec, Oaxaca"
Ptychohyla sp.,Negative,Contemporary,"San Miguel Quetzaltepec, Oaxaca"
Ptychohyla sp.,Negative,Contemporary,"San Miguel Quetzaltepec, Oaxaca"
Ptychohyla sp.,Negative,Contemporary,"San Miguel Quetzaltepec, Oaxaca"
Ptychohyla sp.,Negative,Contemporary,"San Miguel Quetzaltepec, Oaxaca"
Ptychohyla sp.,Negative,Contemporary,"San Miguel Quetzaltepec, Oaxaca"
Rana pipiens,Positive,Historical,"Calvillo, Aguascalientes"
Rana pipiens,Negative,Historical,"Calvillo, Aguascalientes"
Rana pipiens,Negative,Historical,"Calvillo, Aguascalientes"
Rana pipiens,Negative,Historical,"Comitan de Dominguez, Chiapas"
Rana pipiens,Negative,Historical,"Comitan de Dominguez, Chiapas"
Rana pipiens,Negative,Historical,"Comitan de Dominguez, Chiapas"
Rana pipiens,Positive,Historical,"Jiquipilas, Chiapas"
Rana pipiens,Negative,Historical,"Jiquipilas, Chiapas"
Rana pipiens,Negative,Historical,"San Cristobal de las Casas, Chiapas"
Rana pipiens,Positive,Historical,"Tenejapa, Chiapas"
Rana pipiens,Negative,Historical,"Tenejapa, Chiapas"
Rana pipiens,Negative,Historical,"Tenejapa, Chiapas"
Rana pipiens,Positive,Historical,"Ahumada, Chihuahua"
Rana pipiens,Negative,Historical,"Chihuahua, Chihuahua"
Rana pipiens,Negative,Historical,"Chihuahua, Chihuahua"
Rana pipiens,Negative,Historical,"Chihuahua, Chihuahua"
Rana pipiens,Negative,Historical,"Namiquipa, Chihuahua"
Rana pipiens,Negative,Historical,"Sahuaripa, Sonora"
Rana pipiens,Negative,Historical,"Sahuaripa, Sonora"
Rana pipiens,Negative,Historical,"Sahuaripa, Sonora"
Rana pipiens,Negative,Historical,"Sahuaripa, Sonora"
Rana pipiens,Negative,Historical,"Sahuaripa, Sonora"
Rheohyla miotympanum,Negative,Contemporary,"Tepetzintla, Veracruz de Ignacio de la Llave"
Rheohyla miotympanum,Negative,Contemporary,"Tepetzintla, Veracruz de Ignacio de la Llave"
Rheohyla miotympanum,Negative,Contemporary,"Tepetzintla, Veracruz de Ignacio de la Llave"
Rheohyla miotympanum,Negative,Contemporary,"Tepetzintla, Veracruz de Ignacio de la Llave"
Rheohyla miotympanum,Negative,Contemporary,"Tepetzintla, Veracruz de Ignacio de la Llave"
Rheohyla miotympanum,Negative,Contemporary,"Tepetzintla, Veracruz de Ignacio de la Llave"
Rheohyla miotympanum,Negative,Contemporary,"Tepetzintla, Veracruz de Ignacio de la Llave"
Rheohyla miotympanum,Negative,Contemporary,"Tepetzintla, Veracruz de Ignacio de la Llave"
Rheohyla miotympanum,Negative,Contemporary,"Tepetzintla, Veracruz de Ignacio de la Llave"
Rhinella horribilis,Negative,Contemporary,"Gomez Farias, Tamaulipas"
Rhinella marina,Negative,Contemporary,"Ocozocoautla de Espinosa, Chiapas"
Rhinella marina,Negative,Contemporary,"Atoyac de Alvarez, Guerrero"
Sarcohyla pentheter,Negative,Contemporary,"Atoyac de Alvarez, Guerrero"
Scinax staufferi,Positive,Historical,"Emiliano Zapata, Veracruz de Ignacio de la Llave"
Scinax staufferi,Negative,Historical,"Emiliano Zapata, Veracruz de Ignacio de la Llave"
Scinax staufferi,Positive,Contemporary,"Ixtaczoquitlan, Veracruz de Ignacio de la Llave"
Scinax staufferi,Positive,Contemporary,"Ixtaczoquitlan, Veracruz de Ignacio de la Llave"
Scinax staufferi,Positive,Contemporary,"Ixtaczoquitlan, Veracruz de Ignacio de la Llave"
Scinax staufferi,Positive,Contemporary,"Ixtaczoquitlan, Veracruz de Ignacio de la Llave"
Scinax staufferi,Negative,Contemporary,"Ixtaczoquitlan, Veracruz de Ignacio de la Llave"
Scinax staufferi,Positive,Contemporary,"Ixtaczoquitlan, Veracruz de Ignacio de la Llave"
Scinax staufferi,Positive,Contemporary,"Ixtaczoquitlan, Veracruz de Ignacio de la Llave"
Scinax staufferi,Positive,Contemporary,"Ixtaczoquitlan, Veracruz de Ignacio de la Llave"
Scinax staufferi,Positive,Contemporary,"Ixtaczoquitlan, Veracruz de Ignacio de la Llave"
Scinax staufferi,Positive,Contemporary,"Ixtaczoquitlan, Veracruz de Ignacio de la Llave"
Smilisca baudinii,Negative,Contemporary,"Maravilla Tenejapa, Chiapas"
Smilisca baudinii,Negative,Contemporary,"Maravilla Tenejapa, Chiapas"
Smilisca baudinii,Negative,Contemporary,"Maravilla Tenejapa, Chiapas"
Smilisca baudinii,Negative,Contemporary,"Maravilla Tenejapa, Chiapas"
Smilisca baudinii,Positive,Contemporary,"Maravilla Tenejapa, Chiapas"
Smilisca baudinii,Negative,Contemporary,"Ocozocoautla de Espinosa, Chiapas"
Smilisca baudinii,Negative,Contemporary,"Ocozocoautla de Espinosa, Chiapas"
Smilisca baudinii,Negative,Contemporary,"Villa de Alvarez, Colima"
Smilisca baudinii,Negative,Contemporary,"Villa de Alvarez, Colima"
Smilisca baudinii,Negative,Contemporary,"Nejapa de Madero, Oaxaca"
Smilisca baudinii,Negative,Contemporary,"Santa Maria Chimalapa, Oaxaca"
Smilisca baudinii,Negative,Historical,"Gomez Farias, Tamaulipas"
Smilisca baudinii,Negative,Contemporary,"Fortin, Veracruz de Ignacio de la Llave"
Smilisca baudinii,Positive,Contemporary,"Ixtaczoquitlan, Veracruz de Ignacio de la Llave"
Smilisca baudinii,Negative,Contemporary,"Ixtaczoquitlan, Veracruz de Ignacio de la Llave"
Smilisca baudinii,Negative,Contemporary,"Tepetzintla, Veracruz de Ignacio de la Llave"
Smilisca baudinii,Negative,Contemporary,"Tepetzintla, Veracruz de Ignacio de la Llave"
Smilisca baudinii,Negative,Contemporary,"Tihuatlan, Veracruz de Ignacio de la Llave"
Smilisca baudinii,Negative,Contemporary,"Tihuatlan, Veracruz de Ignacio de la Llave"
Smilisca baudinii,Negative,Contemporary,"Tihuatlan, Veracruz de Ignacio de la Llave"
Smilisca baudinii,Negative,Contemporary,"Tihuatlan, Veracruz de Ignacio de la Llave"
Smilisca baudinii,Negative,Contemporary,"Ursulo Galvan, Veracruz de Ignacio de la Llave"
Smilisca baudinii,Negative,Contemporary,"Ursulo Galvan, Veracruz de Ignacio de la Llave"
Smilisca cyanosticta,Negative,Contemporary,"Ocozocoautla de Espinosa, Chiapas"
Smilisca cyanosticta,Negative,Contemporary,"Ocozocoautla de Espinosa, Chiapas"
Smilisca cyanosticta,Negative,Contemporary,"Ocozocoautla de Espinosa, Chiapas"
Smilisca fodiens,Positive,Historical,"Alamos, Sonora"
Smilisca fodiens,Positive,Historical,"Alamos, Sonora"
Smilisca fodiens,Positive,Historical,"Bacanora, Sonora"
Smilisca fodiens,Negative,Contemporary,"Hermosillo, Sonora"
Smilisca fodiens,Negative,Contemporary,"Hermosillo, Sonora"
Smilisca fodiens,Negative,Contemporary,"Hermosillo, Sonora"
Smilisca fodiens,Negative,Contemporary,"Hermosillo, Sonora"
Smilisca fodiens,Positive,Historical,"Sahuaripa, Sonora"
Smilisca fodiens,Negative,Historical,"Sahuaripa, Sonora"
Thorius munificus,Negative,Historical,"Villa Aldama, Veracruz de Ignacio de la Llave"
Thorius pennatulus,Positive,Historical,"Xico, Veracruz de Ignacio de la Llave"
Thorius pennatulus,Negative,Historical,"Xico, Veracruz de Ignacio de la Llave"
Thorius pennatulus,Negative,Historical,"Xico, Veracruz de Ignacio de la Llave"
Tlalocohyla loquax,Negative,Contemporary,"Ocozocoautla de Espinosa, Chiapas"
Tlalocohyla loquax,Negative,Contemporary,"Ocozocoautla de Espinosa, Chiapas"
Tlalocohyla smithi,Negative,Contemporary,"Villa de Alvarez, Colima"
Tlalocohyla smithi,Negative,Contemporary,"Villa de Alvarez, Colima"
Tlalocohyla smithi,Negative,Contemporary,"Villa de Alvarez, Colima"
Tlalocohyla smithi,Negative,Contemporary,"Villa de Alvarez, Colima"
Tlalocohyla smithi,Negative,Contemporary,"Villa de Alvarez, Colima"
Tlalocohyla smithi,Negative,Contemporary,"Villa de Alvarez, Colima"
Tlalocohyla smithi,Negative,Contemporary,"Villa de Alvarez, Colima"
Tlalocohyla smithi,Negative,Contemporary,"Villa de Alvarez, Colima"
Tlalocohyla smithi,Negative,Contemporary,"Villa de Alvarez, Colima"
Tlalocohyla smithi,Negative,Contemporary,"Villa de Alvarez, Colima"
Tlalocohyla smithi,Negative,Contemporary,"Villa de Alvarez, Colima"
Tlalocohyla smithi,Negative,Contemporary,"Villa de Alvarez, Colima"
Tlalocohyla smithi,Negative,Contemporary,"Villa de Alvarez, Colima"
Tlalocohyla sp.,Negative,Contemporary,"Maravilla Tenejapa, Chiapas"
Tlalocohyla sp.,Negative,Contemporary,"Maravilla Tenejapa, Chiapas"
Tlalocohyla sp.,Negative,Contemporary,"Maravilla Tenejapa, Chiapas"
Trachycephalus typhonius,Negative,Contemporary,"Tihuatlan, Veracruz de Ignacio de la Llave"
